{
  "format_version" : "1.10.0",
  "animation_controllers" : {
    "controller.animation.morph.creeper.swelling" : {
      "initial_state" : "default",
      "states" : {
        "default" : {
          "transitions" : [
            {
              "swelling" : "query.is_sneaking"
            }
          ],
          "blend_transition": 0.5
        },
        "swelling" : {
          "animations" : [ "creeper_swelling" ],
          "transitions" : [
            {
              "default" : "!query.is_sneaking"
            }
          ],
          "blend_transition": 0.5
        }
      }
    },
    "controller.animation.morph.cat.move" : {
      "initial_state" : "walking",
      "states" : {
        "lie_down" : {
          "animations" : [ "cat_lie_down" ],
          "transitions" : [
            {
              "sneaking" : "query.is_moving && query.is_sneaking && !query.is_sleeping"
            },
            {
              "sprinting" : "query.is_sprinting && !query.is_sneaking && !query.is_sleeping"
            },
            {
              "sitting" : "!query.is_moving && query.is_sneaking && !query.is_sleeping"
            },
            {
              "walking" : "!query.is_sneaking && !query.is_sprinting && !query.is_sleeping"
            }
          ]
        },
        "sitting" : {
          "animations" : [ "cat_sit" ],
          "transitions" : [
            {
              "sneaking" : "query.is_moving && query.is_sneaking && !query.is_sleeping"
            },
            {
              "sprinting" : "query.is_sprinting && !query.is_sneaking && !query.is_sleeping"
            },
            {
              "walking" : "!query.is_sneaking && !query.is_sprinting && !query.is_sleeping"
            },
            {
              "lie_down" : "query.is_sleeping"
            }
          ]
        },
        "sneaking" : {
          "animations" : [ "cat_sneak" ],
          "transitions" : [
            {
              "sprinting" : "query.is_sprinting && !query.is_sneaking && !query.is_sleeping"
            },
            {
              "sitting" : "!query.is_moving && query.is_sneaking && !query.is_sleeping"
            },
            {
              "walking" : "!query.is_sneaking && !query.is_sprinting && !query.is_sleeping"
            },
            {
              "lie_down" : "query.is_sleeping"
            }
          ]
        },
        "sprinting" : {
          "animations" : [ "cat_sprint" ],
          "transitions" : [
            {
              "sneaking" : "query.is_moving && query.is_sneaking && !query.is_sleeping"
            },
            {
              "sitting" : "!query.is_moving && query.is_sneaking && !query.is_sleeping"
            },
            {
              "walking" : "!query.is_sneaking && !query.is_sprinting && !query.is_sleeping"
            },
            {
              "lie_down" : "query.is_sleeping"
            }
          ]
        },
        "walking" : {
          "animations" : [ "cat_walk" ],
          "transitions" : [
            {
              "sneaking" : "query.is_moving && query.is_sneaking && !query.is_sleeping"
            },
            {
              "sprinting" : "query.is_sprinting && !query.is_sneaking && !query.is_sleeping"
            },
            {
              "sitting" : "!query.is_moving && query.is_sneaking && !query.is_sleeping"
            },
            {
              "lie_down" : "query.is_sleeping"
            }
          ]
        }
      }
    },
    "controller.animation.morph.axolotl.general": {
      "initial_state": "default",
      "states": {
        "default": {
          "animations": [
            {
              "axolotl_play_dead": "query.is_playing_dead"
            },
            {
              "axolotl_swim_angle": "(query.ground_speed > 0 || query.vertical_speed > 0) && query.is_in_water && !query.is_on_ground"
            }
          ]
        }
      }
    },
    "controller.animation.morph.axolotl.move": {
      "initial_state": "idle",
      "states": {
        "idle": {
          "animations": [
            {
              "axolotl_idle_float": "query.is_in_water && !query.is_on_ground && !query.is_playing_dead"
            },
            {
              "axolotl_idle_floor": "!query.is_in_water && query.is_on_ground"
            },
            {
              "axolotl_idle_floor_water": "query.is_in_water && query.is_on_ground"
            }
          ],
          "transitions": [
            {
              "moving": "(query.ground_speed > 0 || query.vertical_speed > 0) && !query.is_playing_dead"
            }
          ]
        },
        "moving": {
          "animations": [
            {
              "axolotl_swim": "query.is_in_water && !query.is_on_ground"
            },
            {
              "axolotl_walk_floor": "!query.is_in_water && query.is_on_ground"
            },
            {
              "axolotl_walk_floor_water": "query.is_in_water && query.is_on_ground"
            }
          ],
          "transitions": [
            {
              "idle": "!(query.ground_speed > 0 || query.vertical_speed > 0) || query.is_playing_dead"
            }
          ]
        }
      }
    },
    "controller.animation.morph.ocelot.move" : {
      "initial_state" : "walking",
      "states" : {
        "sitting" : {
          "animations" : [ "ocelot_sit" ],
          "transitions" : [
            {
              "sneaking" : "query.is_moving && query.is_sneaking"
            },
            {
              "sprinting" : "query.is_sprinting && !query.is_sneaking"
            },
            {
              "walking" : "!query.is_sneaking && !query.is_sprinting"
            }
          ]
        },
        "sneaking" : {
          "animations" : [ "ocelot_sneak" ],
          "transitions" : [
            {
              "sprinting" : "query.is_sprinting && !query.is_sneaking"
            },
            {
              "sitting" : "!query.is_moving && query.is_sneaking"
            },
            {
              "walking" : "!query.is_sneaking && !query.is_sprinting"
            }
          ]
        },
        "sprinting" : {
          "animations" : [ "ocelot_sprint" ],
          "transitions" : [
            {
              "sneaking" : "query.is_moving && query.is_sneaking"
            },
            {
              "sitting" : "!query.is_moving && query.is_sneaking"
            },
            {
              "walking" : "!query.is_sneaking && !query.is_sprinting"
            }
          ]
        },
        "walking" : {
          "animations" : [ "ocelot_walk" ],
          "transitions" : [
            {
              "sneaking" : "query.is_moving && query.is_sneaking"
            },
            {
              "sprinting" : "query.is_sprinting && !query.is_sneaking"
            },
            {
              "sitting" : "!query.is_moving && query.is_sneaking"
            }
          ]
        }
      }
    }
  }
}
