{
	"format_version" : "1.10.0",
	"animation_controllers" : {
		"controller.animation.morph.legged.first_person_attack" : {
			"initial_state" : "default",
			"states" : {
				"default" : {
					"animations" : [ "legged_first_person_attack_rotation" ],
					"transitions" : [
						{
							"vr_attack" : "variable.is_using_vr"
						}
					]
				},
				"vr_attack" : {
					"animations" : [ "legged_first_person_vr_attack_rotation" ],
					"transitions" : [
						{
							"default" : "!variable.is_using_vr"
						}
					]
				}
			}
		},
		"controller.animation.morph.legged.first_person_map" : {
			"initial_state" : "default",
			"states" : {
				"default" : {
					"transitions" : [
						{
							"one_hand" : "query.get_equipped_item_name('off_hand') == 'map' || query.get_equipped_item_name('off_hand') == 'shield'"
						},
						{
							"two_hand" : "query.get_equipped_item_name('off_hand') != 'map' && query.get_equipped_item_name('off_hand') != 'shield'"
						}
					]
				},
				"one_hand" : {
					"animations" : [
						{
							"legged_first_person_map_hold_main_hand" : "query.get_equipped_item_name(0, 1) == 'map'"
						},
						{
							"legged_first_person_map_hold_off_hand" : "query.get_equipped_item_name('off_hand') == 'map' && (query.get_equipped_item_name == 'bow' ? !(variable.item_use_normalized > 0 && variable.item_use_normalized < 1.0) : 1.0)"
						}
					],
					"transitions" : [
						{
							"default" : "query.get_equipped_item_name(0, 1) != 'map' && query.get_equipped_item_name('off_hand') != 'map'"
						},
						{
							"two_hand" : "query.get_equipped_item_name('off_hand') != 'map' && query.get_equipped_item_name('off_hand') != 'shield'"
						}
					]
				},
				"two_hand" : {
					"animations" : [ "legged_first_person_map_hold", "legged_first_person_map_hold_attack" ],
					"transitions" : [
						{
							"default" : "query.get_equipped_item_name(0, 1) != 'map' && query.get_equipped_item_name('off_hand') != 'map'"
						},
						{
							"one_hand" : "query.get_equipped_item_name('off_hand') == 'map' || query.get_equipped_item_name('off_hand') == 'shield'"
						}
					]
				}
			}
		}
	}
}
