{
  "format_version": "1.16.0",
  "minecraft:entity": {
    "description": {
      "identifier": "morph:spider_web",
      "is_spawnable": false,
      "is_summonable": false,
      "is_experimental": false
    },
    "components": {
      "minecraft:collision_box": {
        "width": 1.0,
        "height": 1.0
      },
      "minecraft:projectile": {
        "on_hit": {
          "remove_on_hit": {
          },
          "definition_event": {
            "affect_projectile": true,
            "event_trigger": {
              "event": "morph:place_web",
              "target": "self"
            }
          }
        },
        "power": 3.0,
        "gravity": 0.01,
        "inertia": 1,
        "liquid_inertia": 1,
        "uncertainty_base": 0,
        "uncertainty_multiplier": 0
      },
      "minecraft:physics": {
      }
    },
    "events": {
      "morph:place_web": {
        "run_command": {
          "command": "setblock ~ ~ ~ web"
        }
      }
    }
  }
}
