{
  "format_version": "1.12.0",
  "minecraft:entity": {
    "description": {
      "identifier": "morph:teleport",
      "runtime_identifier": "minecraft:ender_pearl",
      "is_spawnable": false,
      "is_summonable": false,
      "is_experimental": false
    },
    "component_groups": {
    },
    "components": {
      "minecraft:collision_box": {
        "width": 0.1,
        "height": 0.1
      },
      "minecraft:projectile": {
        "on_hit": {
          "teleport_owner": { },
          "remove_on_hit": { }
        },
        "power": 48.0,
        "gravity": 0.0,
        "angle_offset": 0.0,
        "inertia": 1,
        "liquid_inertia": 1
      },
      "minecraft:despawn": {
        "despawn_from_distance": {}
      },
      "minecraft:physics": {
      },
      "minecraft:pushable": {
        "is_pushable": true,
        "is_pushable_by_piston": true
      }
    },
    "events": {
    }
  }
}
