{
  "format_version": "1.8.0",
  "render_controllers": {
    "controller.render.player.first_person": {
      "arrays": {
        "textures": {
          "Array.textures": [
            "Texture.default",
            "Texture.zombie",
            "Texture.cow",
            "Texture.skeleton",
            "Texture.chicken",
            "Texture.creeper",
            "Texture.sheep",
            "Texture.spider",
            "Texture.pig",
            "Texture.enderman",
            "Texture.bat",
            "Texture.zombie_piglin",
            "Texture.fox_red",
            "Texture.drowned",
            "Texture.villager",
            "Texture.wither_skeleton",
            "Texture.snow_golem",
            "Texture.blaze",
            "Texture.cat_white",
            "Texture.husk",
            "Texture.wolf",
            "Texture.piglin",
            "Texture.salmon",
            "Texture.iron_golem",
            "Texture.axolotl_lucy",
            "Texture.stray",
            "Texture.ocelot",
            "Texture.vindicator",
            "Texture.cod",
            "Texture.hoglin",
            "Texture.squid",
            "Texture.piglin_brute"
          ],
          "Array.cat": [
            "Texture.cat_white",
            "Texture.cat_black",
            "Texture.cat_red",
            "Texture.cat_siamese",
            "Texture.cat_british",
            "Texture.cat_calico",
            "Texture.cat_persian",
            "Texture.cat_ragdoll",
            "Texture.cat_tabby",
            "Texture.cat_all_black",
            "Texture.cat_jellie"
          ],
          "Array.cat_tame": [
            "Texture.cat_white_tame",
            "Texture.cat_black_tame",
            "Texture.cat_red_tame",
            "Texture.cat_siamese_tame",
            "Texture.cat_british_tame",
            "Texture.cat_calico_tame",
            "Texture.cat_persian_tame",
            "Texture.cat_ragdoll_tame",
            "Texture.cat_tabby_tame",
            "Texture.cat_all_black_tame",
            "Texture.cat_jellie_tame"
          ],
          "Array.axolotl": [
            "Texture.axolotl_lucy",
            "Texture.axolotl_cyan",
            "Texture.axolotl_gold",
            "Texture.axolotl_wild",
            "Texture.axolotl_blue"
          ],
          "Array.llama": [
            "Texture.llama_creamy",
            "Texture.llama_white",
            "Texture.llama_brown",
            "Texture.llama_gray"
          ]
        },
        "materials": {
          "Array.materials": [
            "Material.default",
            "Material.zombie",
            "Material.cow",
            "Material.skeleton",
            "Material.chicken",
            "Material.creeper",
            "Material.sheep",
            "Material.spider",
            "Material.pig",
            "Material.enderman",
            "Material.bat",
            "Material.zombie_piglin",
            "Material.fox",
            "Material.drowned",
            "Material.villager",
            "Material.wither_skeleton",
            "Material.snow_golem",
            "Material.blaze_body",
            "Material.cat",
            "Material.husk",
            "Material.wolf",
            "Material.piglin",
            "Material.salmon",
            "Material.iron_golem",
            "Material.axolotl",
            "Material.stray",
            "Material.ocelot",
            "Material.vindicator",
            "Material.cod",
            "Material.hoglin",
            "Material.squid",
            "Material.piglin_brute",
            "Material.llama"
          ]
        },
        "geometries": {
          "Array.geometries": [
            "Geometry.default",
            "Geometry.zombie",
            "Geometry.cow",
            "Geometry.skeleton",
            "Geometry.chicken",
            "Geometry.creeper",
            "Geometry.sheep",
            "Geometry.spider",
            "Geometry.pig",
            "Geometry.enderman",
            "Geometry.bat",
            "Geometry.zombie_piglin",
            "Geometry.fox",
            "Geometry.drowned",
            "Geometry.villager",
            "Geometry.wither_skeleton",
            "Geometry.snow_golem",
            "Geometry.blaze",
            "Geometry.cat",
            "Geometry.husk",
            "Geometry.wolf",
            "Geometry.piglin",
            "Geometry.salmon",
            "Geometry.iron_golem",
            "Geometry.axolotl",
            "Geometry.stray",
            "Geometry.ocelot",
            "Geometry.vindicator",
            "Geometry.cod",
            "Geometry.hoglin",
            "Geometry.squid",
            "Geometry.piglin_brute",
            "Geometry.llama"
          ]
        }
      },
      "geometry": "query.is_sheared && query.variant == 6 ? geometry.sheep_sheared : Array.geometries[query.variant]",
      "materials": [ 
        { "*": "query.is_invisible && query.variant == 7 ? material.spider_invisible : (query.is_invisible && query.variant == 9 ? material.enderman_invisible : Array.materials[query.variant])" },
        { "leg*": "query.variant == 4 ? material.chicken_leg : Array.materials[query.variant]" },
        { "head": "query.variant == 17 ? material.blaze_head : Array.materials[query.variant]" },
        { "*arm": "query.variant == 24 ? material.axolotl_limbs : Array.materials[query.variant]" },
        { "*leg": "query.variant == 24 ? material.axolotl_limbs : Array.materials[query.variant]" }
      ],
      "textures": [
        "query.is_saddled && query.variant == 8 ? texture.pig_saddled : (query.mark_variant == 1 && query.variant == 12 ? texture.fox_arctic : (query.variant == 18 && !query.is_tamed ? Array.cat[query.mark_variant] : (query.variant == 18 && query.is_tamed ? Array.cat_tame[query.mark_variant] : (query.variant == 20 && query.is_angry ? texture.wolf_angry : (query.variant == 20 && query.is_tamed ? texture.wolf_tame : (query.variant == 24 ? Array.axolotl[query.mark_variant] : (query.variant == 32 ? Array.llama[query.mark_variant] : Array.textures[query.variant])))))))"
      ],
      "part_visibility": [
        { "*": false },
        { "rightArm": "query.get_equipped_item_name(0, 1) == '' || query.get_equipped_item_name(0, 1) == 'map'" },
        { "rightSleeve": "query.get_equipped_item_name(0, 1) == '' || query.get_equipped_item_name(0, 1) == 'map'" },
        { "leftArm": "(query.get_equipped_item_name(0, 1) == 'map' && query.get_equipped_item_name('off_hand') != 'shield') || (query.get_equipped_item_name('off_hand') == 'map' && !query.item_is_charged) || (!query.item_is_charged && (variable.item_use_normalized > 0 && variable.item_use_normalized < 1.0)) || (query.variant == 1 || query.variant == 3 || query.variant == 11 || query.variant == 13 || query.variant == 19 || query.variant == 25) ? query.get_equipped_item_name(1) == '' || query.get_equipped_item_name(1) == 'map'" },
        { "leftSleeve": "(query.get_equipped_item_name(0, 1) == 'map' && query.get_equipped_item_name('off_hand') != 'shield') || (query.get_equipped_item_name('off_hand') == 'map' && !query.item_is_charged) || (!query.item_is_charged && (variable.item_use_normalized > 0 && variable.item_use_normalized < 1.0))" },
        { "leg2": "query.get_equipped_item_name(0, 1) == '' || query.get_equipped_item_name(0, 1) == 'map'" },
        { "leg3": "(query.get_equipped_item_name(0, 1) == 'map' && query.get_equipped_item_name('off_hand') != 'shield') || (query.get_equipped_item_name('off_hand') == 'map' && !query.item_is_charged) || (!query.item_is_charged && (variable.item_use_normalized > 0 && variable.item_use_normalized < 1.0))" },
        { "chest*": "query.is_chested && query.variant == 32" }
      ],
      "overlay_color": {
        "r": "query.is_sneaking && query.variant == 5 ? 1.0",
        "g": "query.is_sneaking && query.variant == 5 ? 1.0",
        "b": "query.is_sneaking && query.variant == 5 ? 1.0",
        "a": "query.is_sneaking && query.variant == 5 ? 1.0"
      }
    },
    "controller.render.player.third_person": {
      "arrays": {
        "textures": {
          "Array.textures": [
            "Texture.default",
            "Texture.zombie",
            "Texture.cow",
            "Texture.skeleton",
            "Texture.chicken",
            "Texture.creeper",
            "Texture.sheep",
            "Texture.spider",
            "Texture.pig",
            "Texture.enderman",
            "Texture.bat",
            "Texture.zombie_piglin",
            "Texture.fox_red",
            "Texture.drowned",
            "Texture.villager",
            "Texture.wither_skeleton",
            "Texture.snow_golem",
            "Texture.blaze",
            "Texture.cat_white",
            "Texture.husk",
            "Texture.wolf",
            "Texture.piglin",
            "Texture.salmon",
            "Texture.iron_golem",
            "Texture.axolotl_lucy",
            "Texture.stray",
            "Texture.ocelot",
            "Texture.vindicator",
            "Texture.cod",
            "Texture.hoglin",
            "Texture.squid",
            "Texture.piglin_brute"
          ],
          "Array.cat": [
            "Texture.cat_white",
            "Texture.cat_black",
            "Texture.cat_red",
            "Texture.cat_siamese",
            "Texture.cat_british",
            "Texture.cat_calico",
            "Texture.cat_persian",
            "Texture.cat_ragdoll",
            "Texture.cat_tabby",
            "Texture.cat_all_black",
            "Texture.cat_jellie"
          ],
          "Array.cat_tame": [
            "Texture.cat_white_tame",
            "Texture.cat_black_tame",
            "Texture.cat_red_tame",
            "Texture.cat_siamese_tame",
            "Texture.cat_british_tame",
            "Texture.cat_calico_tame",
            "Texture.cat_persian_tame",
            "Texture.cat_ragdoll_tame",
            "Texture.cat_tabby_tame",
            "Texture.cat_all_black_tame",
            "Texture.cat_jellie_tame"
          ],
          "Array.axolotl": [
            "Texture.axolotl_lucy",
            "Texture.axolotl_cyan",
            "Texture.axolotl_gold",
            "Texture.axolotl_wild",
            "Texture.axolotl_blue"
          ],
          "Array.llama": [
            "Texture.llama_creamy",
            "Texture.llama_white",
            "Texture.llama_brown",
            "Texture.llama_gray"
          ]
        },
        "materials": {
          "Array.materials": [
            "Material.default",
            "Material.zombie",
            "Material.cow",
            "Material.skeleton",
            "Material.chicken",
            "Material.creeper",
            "Material.sheep",
            "Material.spider",
            "Material.pig",
            "Material.enderman",
            "Material.bat",
            "Material.zombie_piglin",
            "Material.fox",
            "Material.drowned",
            "Material.villager",
            "Material.wither_skeleton",
            "Material.snow_golem",
            "Material.blaze_body",
            "Material.cat",
            "Material.husk",
            "Material.wolf",
            "Material.piglin",
            "Material.salmon",
            "Material.iron_golem",
            "Material.axolotl",
            "Material.stray",
            "Material.ocelot",
            "Material.vindicator",
            "Material.cod",
            "Material.hoglin",
            "Material.squid",
            "Material.piglin_brute",
            "Material.llama"
          ]
        },
        "geometries": {
          "Array.geometries": [
            "Geometry.default",
            "Geometry.zombie",
            "Geometry.cow",
            "Geometry.skeleton",
            "Geometry.chicken",
            "Geometry.creeper",
            "Geometry.sheep",
            "Geometry.spider",
            "Geometry.pig",
            "Geometry.enderman",
            "Geometry.bat",
            "Geometry.zombie_piglin",
            "Geometry.fox",
            "Geometry.drowned",
            "Geometry.villager",
            "Geometry.wither_skeleton",
            "Geometry.snow_golem",
            "Geometry.blaze",
            "Geometry.cat",
            "Geometry.husk",
            "Geometry.wolf",
            "Geometry.piglin",
            "Geometry.salmon",
            "Geometry.iron_golem",
            "Geometry.axolotl",
            "Geometry.stray",
            "Geometry.ocelot",
            "Geometry.vindicator",
            "Geometry.cod",
            "Geometry.hoglin",
            "Geometry.squid",
            "Geometry.piglin_brute",
            "Geometry.llama"
          ]
        }
      },
      "geometry": "query.is_sheared && query.variant == 6 ? geometry.sheep_sheared : Array.geometries[query.variant]",
      "materials": [ 
        { "*": "query.is_invisible && query.variant == 7 ? material.spider_invisible : (query.is_invisible && query.variant == 9 ? material.enderman_invisible : Array.materials[query.variant])" },
        { "leg*": "query.variant == 4 ? material.chicken_leg : Array.materials[query.variant]" },
        { "head": "query.variant == 17 ? material.blaze_head : Array.materials[query.variant]" },
        { "*arm": "query.variant == 24 ? material.axolotl_limbs : Array.materials[query.variant]" },
        { "*leg": "query.variant == 24 ? material.axolotl_limbs : Array.materials[query.variant]" }
      ],
      "textures": [
        "query.is_saddled && query.variant == 8 ? texture.pig_saddled : (query.mark_variant == 1 && query.variant == 12 ? texture.fox_arctic : (query.variant == 18 && !query.is_tamed ? Array.cat[query.mark_variant] : (query.variant == 18 && query.is_tamed ? Array.cat_tame[query.mark_variant] : (query.variant == 20 && query.is_angry ? texture.wolf_angry : (query.variant == 20 && query.is_tamed ? texture.wolf_tame : (query.variant == 24 ? Array.axolotl[query.mark_variant] : (query.variant == 32 ? Array.llama[query.mark_variant] : Array.textures[query.variant])))))))"
      ],
      "part_visibility": [
        { "*": true },
        { "helmet": "variable.helmet_layer_visible" },
        { "leftLegging": "variable.leg_layer_visible" },
        { "rightLegging": "variable.leg_layer_visible" },
        { "leftBoot": "variable.boot_layer_visible" },
        { "rightBoot": "variable.boot_layer_visible" },
        { "leftSock": "variable.boot_layer_visible && variable.leg_layer_visible" },
        { "rightSock": "variable.boot_layer_visible && variable.leg_layer_visible" },
        { "bodyArmor": "variable.chest_layer_visible && !query.has_cape" },
        { "leftArmArmor": "variable.chest_layer_visible && !query.has_cape" },
        { "rightArmArmor": "variable.chest_layer_visible && !query.has_cape" },
        { "belt": "variable.chest_layer_visible && variable.leg_layer_visible" },
        { "leg*": "!query.is_sleeping && query.variant == 12 ? true : query.variant != 12" },
        { "head": "!query.is_sleeping && query.variant == 12 ? true : query.variant != 12" },
        { "head_sleeping": "query.is_sleeping && query.variant == 12" },
        { "rightArm": "query.equipped_item_any_tag('slot.weapon.mainhand', 'minecraft:is_axe', 'minecraft:is_sword') && query.variant == 27 ? true : query.variant != 27" },
        { "leftArm": "query.equipped_item_any_tag('slot.weapon.mainhand', 'minecraft:is_axe', 'minecraft:is_sword') && query.variant == 27 ? true : query.variant != 27" },
        { "arms": "!query.equipped_item_any_tag('slot.weapon.mainhand', 'minecraft:is_axe', 'minecraft:is_sword') && query.variant == 27 ? true : query.variant != 27" },
        { "chest*": "query.is_chested && query.variant == 32" }
      ],
      "overlay_color": {
        "r": "query.is_sneaking && query.variant == 5 ? 1.0",
        "g": "query.is_sneaking && query.variant == 5 ? 1.0",
        "b": "query.is_sneaking && query.variant == 5 ? 1.0",
        "a": "query.is_sneaking && query.variant == 5 ? 1.0"
      }
    },
    "controller.render.player.map": {
      "arrays": {
        "textures": {
          "Array.textures": [
            "Texture.default",
            "Texture.zombie",
            "Texture.cow",
            "Texture.skeleton",
            "Texture.chicken",
            "Texture.creeper",
            "Texture.sheep",
            "Texture.spider",
            "Texture.pig",
            "Texture.enderman",
            "Texture.bat",
            "Texture.zombie_piglin",
            "Texture.fox_red",
            "Texture.drowned",
            "Texture.villager",
            "Texture.wither_skeleton",
            "Texture.snow_golem",
            "Texture.blaze",
            "Texture.cat_white",
            "Texture.husk",
            "Texture.wolf",
            "Texture.piglin",
            "Texture.salmon",
            "Texture.iron_golem",
            "Texture.axolotl_lucy",
            "Texture.stray",
            "Texture.ocelot",
            "Texture.vindicator",
            "Texture.cod",
            "Texture.hoglin",
            "Texture.squid",
            "Texture.piglin_brute"
          ],
          "Array.cat": [
            "Texture.cat_white",
            "Texture.cat_black",
            "Texture.cat_red",
            "Texture.cat_siamese",
            "Texture.cat_british",
            "Texture.cat_calico",
            "Texture.cat_persian",
            "Texture.cat_ragdoll",
            "Texture.cat_tabby",
            "Texture.cat_all_black",
            "Texture.cat_jellie"
          ],
          "Array.cat_tame": [
            "Texture.cat_white_tame",
            "Texture.cat_black_tame",
            "Texture.cat_red_tame",
            "Texture.cat_siamese_tame",
            "Texture.cat_british_tame",
            "Texture.cat_calico_tame",
            "Texture.cat_persian_tame",
            "Texture.cat_ragdoll_tame",
            "Texture.cat_tabby_tame",
            "Texture.cat_all_black_tame",
            "Texture.cat_jellie_tame"
          ],
          "Array.axolotl": [
            "Texture.axolotl_lucy",
            "Texture.axolotl_cyan",
            "Texture.axolotl_gold",
            "Texture.axolotl_wild",
            "Texture.axolotl_blue"
          ],
          "Array.llama": [
            "Texture.llama_creamy",
            "Texture.llama_white",
            "Texture.llama_brown",
            "Texture.llama_gray"
          ]
        },
        "materials": {
          "Array.materials": [
            "Material.default",
            "Material.zombie",
            "Material.cow",
            "Material.skeleton",
            "Material.chicken",
            "Material.creeper",
            "Material.sheep",
            "Material.spider",
            "Material.pig",
            "Material.enderman",
            "Material.bat",
            "Material.zombie_piglin",
            "Material.fox",
            "Material.drowned",
            "Material.villager",
            "Material.wither_skeleton",
            "Material.snow_golem",
            "Material.blaze_body",
            "Material.cat",
            "Material.husk",
            "Material.wolf",
            "Material.piglin",
            "Material.salmon",
            "Material.iron_golem",
            "Material.axolotl",
            "Material.stray",
            "Material.ocelot",
            "Material.vindicator",
            "Material.cod",
            "Material.hoglin",
            "Material.squid",
            "Material.piglin_brute",
            "Material.llama"
          ]
        },
        "geometries": {
          "Array.geometries": [
            "Geometry.default",
            "Geometry.zombie",
            "Geometry.cow",
            "Geometry.skeleton",
            "Geometry.chicken",
            "Geometry.creeper",
            "Geometry.sheep",
            "Geometry.spider",
            "Geometry.pig",
            "Geometry.enderman",
            "Geometry.bat",
            "Geometry.zombie_piglin",
            "Geometry.fox",
            "Geometry.drowned",
            "Geometry.villager",
            "Geometry.wither_skeleton",
            "Geometry.snow_golem",
            "Geometry.blaze",
            "Geometry.cat",
            "Geometry.husk",
            "Geometry.wolf",
            "Geometry.piglin",
            "Geometry.salmon",
            "Geometry.iron_golem",
            "Geometry.axolotl",
            "Geometry.stray",
            "Geometry.ocelot",
            "Geometry.vindicator",
            "Geometry.cod",
            "Geometry.hoglin",
            "Geometry.squid",
            "Geometry.piglin_brute",
            "Geometry.llama"
          ]
        }
      },
      "geometry": "query.is_sheared && query.variant == 6 ? geometry.sheep_sheared : Array.geometries[query.variant]",
      "materials": [ 
        { "*": "query.is_invisible && query.variant == 7 ? material.spider_invisible : (query.is_invisible && query.variant == 9 ? material.enderman_invisible : Array.materials[query.variant])" },
        { "leg*": "query.variant == 4 ? material.chicken_leg : Array.materials[query.variant]" },
        { "head": "query.variant == 17 ? material.blaze_head : Array.materials[query.variant]" },
        { "*arm": "query.variant == 24 ? material.axolotl_limbs : Array.materials[query.variant]" },
        { "*leg": "query.variant == 24 ? material.axolotl_limbs : Array.materials[query.variant]" }
      ],
      "textures": [
        "query.is_saddled && query.variant == 8 ? texture.pig_saddled : (query.mark_variant == 1 && query.variant == 12 ? texture.fox_arctic : (query.variant == 18 && !query.is_tamed ? Array.cat[query.mark_variant] : (query.variant == 18 && query.is_tamed ? Array.cat_tame[query.mark_variant] : (query.variant == 20 && query.is_angry ? texture.wolf_angry : (query.variant == 20 && query.is_tamed ? texture.wolf_tame : (query.variant == 24 ? Array.axolotl[query.mark_variant] : (query.variant == 32 ? Array.llama[query.mark_variant] : Array.textures[query.variant])))))))"
      ],
      "part_visibility": [
        { "*": false },
        { "head": true },
        { "hat": true },
        { "helmet": true },
        { "chest*": "query.is_chested && query.variant == 32" }
      ],
      "overlay_color": {
        "r": "query.is_sneaking && query.variant == 5 ? 1.0",
        "g": "query.is_sneaking && query.variant == 5 ? 1.0",
        "b": "query.is_sneaking && query.variant == 5 ? 1.0",
        "a": "query.is_sneaking && query.variant == 5 ? 1.0"
      }
    }
  }
}
