{
  "format_version": "1.8.0",
  "animations": {
    "animation.morph.items": {
      "loop": true,
      "bones": {
        "rightItem": {
          "scale": "query.variant == 1 || query.variant == 3 || query.variant == 11 || query.variant == 13 || query.variant == 15 || query.variant == 19 || query.variant == 21 || query.variant == 25 || (query.equipped_item_any_tag('slot.weapon.mainhand', 'minecraft:is_axe', 'minecraft:is_sword') && query.variant == 27) || query.variant == 31 ? 1.0 : 0.0"
        },
        "leftItem": {
          "scale": "query.variant == 1 || query.variant == 3 || query.variant == 11 || query.variant == 13 || query.variant == 15 || query.variant == 19 || query.variant == 21 || query.variant == 25 || (query.equipped_item_any_tag('slot.weapon.mainhand', 'minecraft:is_axe', 'minecraft:is_sword') && query.variant == 27) || query.variant == 31 ? 1.0 : 0.0"
        }
      }
    },
    "animation.morph.sleeping": {
      "loop": true,
      "override_previous_animation": true,
      "bones": {
        "head": {
          "rotation": ["30.0 - this", "-this", "-this"]
        },
        "body": {
          "position": ["24.0 * math.cos(query.body_y_rotation) * math.cos(query.sleep_rotation) - 24.0 * math.sin(query.body_y_rotation) * math.sin(query.sleep_rotation)", 0, "24.0 * math.cos(query.body_y_rotation) * math.sin(query.sleep_rotation) + 24.0 * math.sin(query.body_y_rotation) * math.cos(query.sleep_rotation)"],
          "rotation": [-90, "270.0 - query.sleep_rotation - query.body_y_rotation", 0]
        }
      }
    },
    "animation.morph.swimming": {
      "loop": true,
      "override_previous_animation": true,
      "bones": {
        "leftarm": {
          "rotation": {
            "0": [0, 180, 180],
            "0.7": [0, 180, 287.2],
            "1.1": [90, 180, 180],
            "1.3": [0, 180, 180]
          }
        },
        "rightarm": {
          "rotation": {
            "0": [0, 180, -180],
            "0.7": [0, 180, -287.2],
            "1.1": [90, 180, -180],
            "1.3": [0, 180, -180]
          }
        },
        "body": {
          "position": [0, "(math.sin(query.target_x_rotation) * 24.0 + 3.0) * variable.swim_amount", "(math.cos(query.target_x_rotation) * 24.0 + 9.0) * variable.swim_amount"],
          "rotation": ["variable.swim_amount * (90 + query.target_x_rotation)", 0, 0]
        }
      }
    },
    "animation.morph.sneaking": {
      "loop": true,
      "bones": {
        "body": {
          "position": [0, -1.8, 0],
          "rotation": [0, 0, 0]
        },
        "head": {
          "position": [0, -0.8, 0],
          "rotation": [0, 0, 0]
        },
        "leftleg": {
          "position": [0, 1.6, 0],
          "rotation": [0, 0, 0]
        },
        "rightleg": {
          "position": [0, 1.6, 0],
          "rotation": [0, 0, 0]
        },
        "leg0": {
          "position": [0, 1.6, 0],
          "rotation": [0, 0, 0]
        },
        "leg1": {
          "position": [0, 1.6, 0],
          "rotation": [0, 0, 0]
        },
        "leg2": {
          "position": [0, 1.6, 0],
          "rotation": [0, 0, 0]
        },
        "leg3": {
          "position": [0, 1.6, 0],
          "rotation": [0, 0, 0]
        }
      }
    },
    "animation.common.look_at_target.gliding": {
      "loop": true,
      "bones": {
        "head": {
          "rotation": [-45, "query.target_y_rotation", 0]
        }
      }
    },
    "animation.common.look_at_target.swimming": {
      "loop": true,
      "bones": {
        "head": {
          "rotation": ["math.lerp(query.target_x_rotation, -45.0, variable.swim_amount)", "query.target_y_rotation", 0]
        }
      }
    },
    "animation.humanoid.sneaking": {
      "loop": true,
      "bones": {
        "body": {
          "position": [0, -1.5, 0],
          "rotation": ["28.0 - this", 0, 0]
        },
        "head": {
          "position": [0, -1, 0]
        },
        "leftarm": {
          "rotation": [-5.7, 0, 0]
        },
        "leftleg": {
          "rotation": [-28, 0, 0]
        },
        "rightarm": {
          "rotation": [-5.7, 0, 0]
        },
        "rightleg": {
          "rotation": [-28, 0, 0]
        }
      }
    },
    "animation.morph.quadruped.walk": {
      "loop": true,
      "bones": {
        "leg0": {
          "rotation": ["(math.cos(query.modified_distance_moved * 38.17) * query.modified_move_speed / variable.gliding_speed_value) *  80.0", 0, 0]
        },
        "leg1": {
          "rotation": ["(math.cos(query.modified_distance_moved * 38.17) * query.modified_move_speed / variable.gliding_speed_value) * -80.0", 0, 0]
        },
        "leg2": {
          "rotation": ["(math.cos(query.modified_distance_moved * 38.17) * query.modified_move_speed / variable.gliding_speed_value) * -80.0", 0, 0]
        },
        "leg3": {
          "rotation": ["(math.cos(query.modified_distance_moved * 38.17) * query.modified_move_speed / variable.gliding_speed_value) *  80.0", 0, 0]
        }
      }
    },
    "animation.morph.quadruped.sleeping": {
      "loop": true,
      "bones": {
        "body": {
          "position": [0, -6, 0]
        },
        "head": {
          "rotation": [15, 0, 0],
          "position": [0, -1, 0]
        },
        "leg0": {
          "rotation": [60, -60, 0],
          "position": [-2, 2, 0]
        },
        "leg1": {
          "rotation": [60, 60, 0],
          "position": [2, 2, 0]
        },
        "leg2": {
          "rotation": [-60, 60, 0],
          "position": [-2, 2, 0]
        },
        "leg3": {
          "rotation": [-60, -60, 0],
          "position": [2, 2, 0]
        }
      }
    },
    "animation.morph.chicken.move": {
      "loop": true,
      "bones": {
        "leg0": {
          "rotation": ["(math.cos(query.modified_distance_moved * 38.17) * query.modified_move_speed / variable.gliding_speed_value) *  80.0", 0, 0]
        },
        "leg1": {
          "rotation": ["(math.cos(query.modified_distance_moved * 38.17) * query.modified_move_speed / variable.gliding_speed_value) * -80.0", 0, 0]
        }
      }
    },
    "animation.morph.chicken.wing_flap": {
      "loop": true,
      "animation_length": 0.24,
      "bones": {
        "wing0": {
          "rotation": {
            "0.0": [0, 0, 0],
            "0.04": [0, 0, 37.5],
            "0.08": [0, 0, 75],
            "0.12": [0, 0, 115],
            "0.16": [0, 0, 75],
            "0.2": [0, 0, 37.5],
            "0.24": [0, 0, 0]
          }
        },
        "wing1": {
          "rotation": {
            "0.0": [0, 0, 0],
            "0.04": [0, 0, -37.5],
            "0.08": [0, 0, -75],
            "0.12": [0, 0, -115],
            "0.16": [0, 0, -75],
            "0.2": [0, 0, -37.5],
            "0.24": [0, 0, 0]
          }
        }
      }
    },
    "animation.morph.sheep.grazing": {
      "animation_length": 1.8,
      "loop": true,
      "bones": {
        "head": {
          "position": {
            "0.0": [0, -9, 0]
          },
          "rotation": {
            "0.0": {
              "post": ["180.0 * (0.2 + 0.07 * math.sin(query.key_frame_lerp_time * 1644.39))", 0, 0],
              "pre": [36, 0, 0]
            },
            "1.8": {
              "post": [36, 0, 0],
              "pre": ["180.0 * (0.2 + 0.07 * math.sin(query.key_frame_lerp_time * 1644.39))", 0, 0]
            }
          }
        }
      }
    },
    "animation.morph.enderman.move": {
      "loop": true,
      "bones": {
        "leftarm": {
          "rotation": ["variable.enderman.tcos0", 0, 0]
        },
        "leftleg": {
          "rotation": ["variable.enderman.tcos0 * -1.4", 0, 0]
        },
        "rightarm": {
          "rotation": ["-variable.enderman.tcos0", 0, 0]
        },
        "rightleg": {
          "rotation": ["variable.enderman.tcos0 * 1.4", 0, 0]
        }
      }
    },
    "animation.bat.resting.upside_down": {
      "loop": true,
      "bones": {
        "body": {
          "position": [0, -0.035, 0],
          "rotation": [0, 0, 0]
        },
        "head": {
          "position": [0, -0.035, 0],
          "rotation": ["query.target_x_rotation", "query.target_y_rotation", 0]
        },
        "leftwing": {
          "position": [3, 0, 3],
          "rotation": [-9, 72, 0]
        },
        "leftwingtip": {
          "rotation": [0, 99, 0]
        },
        "rightwing": {
          "position": [-3, 0, 3],
          "rotation": [-9, -72, 0]
        },
        "rightwingtip": {
          "rotation": [0, -99, 0]
        }
      }
    },
    "animation.morph.villager.move": {
      "loop": true,
      "bones": {
        "leg0": {
          "rotation": ["((math.cos(query.modified_distance_moved * 38.17) * query.modified_move_speed / variable.gliding_speed_value) * 40.0) - this", "-this", 0]
        },
        "leg1": {
          "rotation": ["((math.cos(query.modified_distance_moved * 38.17 + 180) * query.modified_move_speed / variable.gliding_speed_value) * 40.0) - this", "-this", 0]
        }
      }
    },
    "animation.morph.snowgolem.arms": {
      "loop": true,
      "bones": {
        "arm1": {
          "position": ["(math.cos(query.target_y_rotation * 0.25) * 0.0) - this", 0, "(math.sin(query.target_y_rotation * 0.25) * -0.0) - this"],
          "rotation": [0, "(query.target_y_rotation * 0.25)", 57.3]
        },
        "arm2": {
          "position": ["(math.cos(query.target_y_rotation * 0.25) * -0.0) - this", 0, "(math.sin(query.target_y_rotation * 0.25) * 0.0) - this"],
          "rotation": [0, "((query.target_y_rotation * 0.25) + 180) - this", -57.3]
        }
      }
    },
    "animation.morph.cat.sprint": {
      "loop": true,
      "bones": {
        "backlegl": {
          "rotation": ["math.cos(query.modified_distance_moved * 38.17) * 57.3 * query.modified_move_speed", 0, 0]
        },
        "backlegr": {
          "rotation": ["math.cos(query.modified_distance_moved * 38.17 + 180.0) * 57.3 * query.modified_move_speed", 0, 0]
        },
        "frontlegl": {
          "rotation": ["math.cos(query.modified_distance_moved * 38.17 + 180.0) * 57.3 * query.modified_move_speed", 0, 0]
        },
        "frontlegr": {
          "rotation": ["math.cos(query.modified_distance_moved * 38.17) * 57.3 * query.modified_move_speed", 0, 0]
        },
        "tail1": {
          "rotation": [0, 0, 0]
        },
        "tail2": {
          "rotation": ["62.0 + math.cos(query.modified_distance_moved * 57.3) * 18.0 * query.modified_move_speed", 0, 0]
        }
      }
    },
    "animation.morph.cat.lie_down": {
      "loop": true,
      "bones": {
        "backlegl": {
          "position": [0, -0.7, 0],
          "rotation": [-22.92, 0, 0]
        },
        "backlegr": {
          "position": [0.1, -1.2, 0],
          "rotation": [28.65, 0, -28.65]
        },
        "body": {
          "position": [0, -7.5, 0],
          "rotation": [0, 0, 90]
        },
        "frontlegl": {
          "position": [0, -1, -1.5],
          "rotation": [-72.81, 0, 0]
        },
        "frontlegr": {
          "position": [0.2, -0.9, 0],
          "rotation": [-30, 0, -14.46]
        },
        "head": {
          "position": [-0.1, 0, -0.5],
          "rotation": [-10, 75.81, -90]
        },
        "tail1": {
          "position": [0, 0, 0],
          "rotation": [-33.84, 0, 0]
        },
        "tail2": {
          "position": [0, 0, 0],
          "rotation": [-68.92, 0, 0]
        }
      }
    },
    "animation.morph.wolf.tail_default": {
      "loop": true,
      "bones": {
        "tail": {
          "rotation": ["query.is_tamed ? query.health * 3.75 + 25.0 : 30.0 - this", 0, "variable.tail_rot_z - this"]
        }
      }
    },
    "animation.morph.piglin.move": {
      "loop": true,
      "bones": {
        "leftear": {
          "rotation": [0, 0, "variable.tcos0 * 0.5"]
        },
        "rightear": {
          "rotation": [0, 0, "-variable.tcos0 * 0.5"]
        },
        "leftarm": {
          "rotation": ["!query.is_swimming ? variable.tcos0", 0, 0]
        },
        "leftleg": {
          "rotation": ["-variable.tcos0 * 1.4", 0, 0]
        },
        "rightarm": {
          "rotation": ["!query.is_swimming ? -variable.tcos0", 0, 0]
        },
        "rightleg": {
          "rotation": ["variable.tcos0 * 1.4", 0, 0]
        }
      }
    },
    "animation.morph.piglin.crossbow.charge": {
      "bones": {
        "leftarm": {
          "rotation": ["math.lerp(-90.0 + 34.38, -90.0, -variable.item_use_normalized)  -this", "math.lerp(22.92, 48.70, variable.item_use_normalized) -this", 0]
        },
        "rightarm": {
          "rotation": ["-90.0 + 34.38 -this", "-45.84 -this", 0]
        }
      },
      "loop": true
    },
    "animation.morph.salmon.flop": {
      "loop": true,
      "bones": {
        "body_back": {
          "rotation": [0, "math.cos((query.time_stamp + query.frame_alpha) * 45.0) * -21.75", 0]
        },
        "body_front": {
          "position": [-6, 0, 0],
          "rotation": [0, "math.cos((query.time_stamp + query.frame_alpha) * 45.0) * 4.0", 90]
        },
        "tailfin": {
          "rotation": [0, "math.cos((query.time_stamp + query.frame_alpha) * 45.0) * -40.0", 0]
        }
      }
    },
    "animation.morph.salmon.swim": {
      "loop": true,
      "bones": {
        "body_back": {
          "rotation": [0, "math.cos((query.time_stamp + query.frame_alpha) * 30.0) * -21.75", 0]
        },
        "body_front": {
          "rotation": [0, "math.cos((query.time_stamp + query.frame_alpha) * 30.0) * 4.0", 0]
        },
        "tailfin": {
          "rotation": [0, "math.cos((query.time_stamp + query.frame_alpha) * 30.0) * -40.0", 0]
        }
      }
    },
    "animation.morph.iron_golem.attack": {
      "loop": true,
      "bones": {
        "arm0": {
          "rotation": ["math.sin(variable.attack_time * -180) * 57.3", 0, 0]
        },
        "arm1": {
          "rotation": ["math.sin(variable.attack_time * -180) * 57.3", 0, 0]
        }
      }
    },
    "animation.morph.iron_golem.move": {
      "loop": true,
      "bones": {
        "arm0": {
          "rotation": ["(((math.abs(math.mod(query.modified_distance_moved, 13) - 6.5) - 3.25) / 2.25) * query.modified_move_speed / variable.gliding_speed_value) * 30.0", 0, 0]
        },
        "arm1": {
          "rotation": ["(((math.abs(math.mod(query.modified_distance_moved, 13) - 6.5) - 3.25) / 2.25) * query.modified_move_speed / variable.gliding_speed_value) * -30.0", 0, 0]
        }
      }
    },
    "animation.morph.iron_golem.walk": {
      "loop": true,
      "bones": {
        "body": {
          "rotation": [0, 0, "1.25 * ((math.abs(math.mod(query.modified_distance_moved + 6, 13.0) - 6.5) - 3.25) * query.modified_move_speed / variable.gliding_speed_value)"]
        },
        "head": {
          "rotation": [0, 0, "1.25 * ((math.abs(math.mod(query.modified_distance_moved + 6, 13.0) - 6.5) - 3.25) * query.modified_move_speed / variable.gliding_speed_value)"]
        },
        "leg0": {
          "rotation": ["((math.cos(query.modified_distance_moved * 38.17) * query.modified_move_speed / variable.gliding_speed_value) * 40.0)", 0, 0]
        },
        "leg1": {
          "rotation": ["((math.cos(query.modified_distance_moved * 38.17 + 180) * query.modified_move_speed / variable.gliding_speed_value) * 40.0)", 0, 0]
        }
      }
    },
    "animation.morph.spider.walk": {
      "loop": true,
      "bones": {
        "leg0": {
          "rotation": [0, "-math.abs((math.cos(query.modified_distance_moved * 76.34 + 90 * 0) * query.modified_move_speed / variable.gliding_speed_value) * 22.92)", "math.abs((math.sin(query.modified_distance_moved * 38.17 + 90 * 0) * query.modified_move_speed / variable.gliding_speed_value) * 22.92)"]
        },
        "leg1": {
          "rotation": [0, "math.abs((math.cos(query.modified_distance_moved * 76.34 + 90 * 0) * query.modified_move_speed / variable.gliding_speed_value) * 22.92)", "-math.abs((math.sin(query.modified_distance_moved * 38.17 + 90 * 0) * query.modified_move_speed / variable.gliding_speed_value) * 22.92)"]
        },
        "leg2": {
          "rotation": [0, "-math.abs((math.cos(query.modified_distance_moved * 76.34 + 90 * 1) * query.modified_move_speed / variable.gliding_speed_value) * 22.92)", "math.abs((math.sin(query.modified_distance_moved * 38.17 + 90 * 1) * query.modified_move_speed / variable.gliding_speed_value) * 22.92)"]
        },
        "leg3": {
          "rotation": [0, "math.abs((math.cos(query.modified_distance_moved * 76.34 + 90 * 1) * query.modified_move_speed / variable.gliding_speed_value) * 22.92)", "-math.abs((math.sin(query.modified_distance_moved * 38.17 + 90 * 1) * query.modified_move_speed / variable.gliding_speed_value) * 22.92)"]
        },
        "leg4": {
          "rotation": [0, "-math.abs((math.cos(query.modified_distance_moved * 76.34 + 90 * 2) * query.modified_move_speed / variable.gliding_speed_value) * 22.92)", "math.abs((math.sin(query.modified_distance_moved * 38.17 + 90 * 2) * query.modified_move_speed / variable.gliding_speed_value) * 22.92)"]
        },
        "leg5": {
          "rotation": [0, "math.abs((math.cos(query.modified_distance_moved * 76.34 + 90 * 2) * query.modified_move_speed / variable.gliding_speed_value) * 22.92)", "-math.abs((math.sin(query.modified_distance_moved * 38.17 + 90 * 2) * query.modified_move_speed / variable.gliding_speed_value) * 22.92)"]
        },
        "leg6": {
          "rotation": [0, "-math.abs((math.cos(query.modified_distance_moved * 76.34 + 90 * 3) * query.modified_move_speed / variable.gliding_speed_value) * 22.92)", "math.abs((math.sin(query.modified_distance_moved * 38.17 + 90 * 3) * query.modified_move_speed / variable.gliding_speed_value) * 22.92)"]
        },
        "leg7": {
          "rotation": [0, "math.abs((math.cos(query.modified_distance_moved * 76.34 + 90 * 3) * query.modified_move_speed / variable.gliding_speed_value) * 22.92)", "-math.abs((math.sin(query.modified_distance_moved * 38.17 + 90 * 3) * query.modified_move_speed / variable.gliding_speed_value) * 22.92)"]
        }
      }
    },
    "animation.morph.fox.sleep": {
      "loop": true,
      "bones": {
        "body": {
          "position": [0, 0, 0],
          "rotation": [0, 0, -90]
        },
        "head": {
          "position": [1.8, -0.4, -2],
          "rotation": [0, -115, "math.cos(query.anim_time * 160.0) + 90 -this"]
        },
        "tail": {
          "position": [0, 0, 1.5],
          "rotation": [-125, 0, 0]
        }
      }
    },
    "animation.morph.ocelot.sprint": {
      "loop": true,
      "bones": {
        "backlegl": {
          "rotation": ["math.cos(query.modified_distance_moved * 38.17) * 57.3 * query.modified_move_speed - this", 0, 0]
        },
        "backlegr": {
          "rotation": ["math.cos(query.modified_distance_moved * 38.17 + 180.0) * 57.3 * query.modified_move_speed - this", 0, 0]
        },
        "frontlegl": {
          "rotation": ["math.cos(query.modified_distance_moved * 38.17 + 180.0) * 57.3 * query.modified_move_speed - this", 0, 0]
        },
        "frontlegr": {
          "rotation": ["math.cos(query.modified_distance_moved * 38.17) * 57.3 * query.modified_move_speed - this", 0, 0]
        },
        "tail1": {
          "rotation": ["-this", 0, 0]
        },
        "tail2": {
          "rotation": ["62.0 + math.cos(query.modified_distance_moved * 57.3) * 18.0 * query.modified_move_speed - this", 0, 0]
        }
      }
    },
    "animation.morph.cod.flop": {
      "loop": true,
      "bones": {
        "body": {
          "rotation": [0, "math.cos((query.time_stamp + query.frame_alpha) * 45.0) * 2.0", 90]
        },
        "head": {
          "rotation": [0, "math.cos((query.time_stamp + query.frame_alpha) * 45.0) * 4.0", 0]
        },
        "tailfin": {
          "rotation": [0, "math.cos((query.time_stamp + query.frame_alpha) * 45.0) * -25.75", 0]
        }
      }
    },
    "animation.morph.cod.swim": {
      "loop": true,
      "bones": {
        "body": {
          "rotation": [0, "math.cos((query.time_stamp + query.frame_alpha) * 30.0) * 2.0", 0]
        },
        "head": {
          "rotation": [0, "math.cos((query.time_stamp + query.frame_alpha) * 30.0) * 4.0", 0]
        },
        "tailfin": {
          "rotation": [0, "math.cos((query.time_stamp + query.frame_alpha) * 30.0) * -25.75", 0]
        }
      }
    },
    "animation.morph.hoglin.walk": {
      "loop": true,
      "bones": {
        "left_ear": {
          "rotation": [0, 0, "-((Math.cos(query.modified_distance_moved * 38.17) * query.modified_move_speed / variable.gliding_speed_value) * 57.3) * 0.5"]
        },
        "right_ear": {
          "rotation": [0, 0, "((Math.cos(query.modified_distance_moved * 38.17) * query.modified_move_speed / variable.gliding_speed_value) * 57.3) * 0.5"]
        },
        "leg_back_right": {
          "rotation": ["(Math.cos(query.modified_distance_moved * 38.17) * query.modified_move_speed / variable.gliding_speed_value) * 57.3", 0, 0]
        },
        "leg_back_left": {
          "rotation": ["-(Math.cos(query.modified_distance_moved * 38.17) * query.modified_move_speed / variable.gliding_speed_value) * 57.3", 0, 0]
        },
        "leg_front_right": {
          "rotation": ["-(Math.cos(query.modified_distance_moved * 38.17) * query.modified_move_speed / variable.gliding_speed_value) * 57.3", 0, 0]
        },
        "leg_front_left": {
          "rotation": ["(Math.cos(query.modified_distance_moved * 38.17) * query.modified_move_speed / variable.gliding_speed_value) * 57.3", 0, 0]
        }
      }
    },
    "animation.morph.hoglin.attack": {
      "loop": true,
      "bones": {
        "head": {
          "rotation": ["Math.sin(variable.attack_time * 180.0) * -37.3", 0, 0]
        }
      }
    },
    "animation.morph.squid.move": {
      "loop": true,
      "bones": {
        "body": {
          "position": [ 0.0, "query.is_baby ? 3.2 : 6.4", 0.0 ]
        },
        "tentacle1": {
          "rotation": ["math.clamp((math.cos(query.anim_time * 162.0) * 32.0 - this), 0.0, 256.0)", "90.0 - this", 0]
        },
        "tentacle2": {
          "rotation": ["math.clamp((math.cos(query.anim_time * 162.0) * 32.0 - this), 0.0, 256.0)", "45.0 - this", 0]
        },
        "tentacle3": {
          "rotation": ["math.clamp((math.cos(query.anim_time * 162.0) * 32.0 - this), 0.0, 256.0)", "0.0 - this", 0]
        },
        "tentacle4": {
          "rotation": ["math.clamp((math.cos(query.anim_time * 162.0) * 32.0 - this), 0.0, 256.0)", "-45.0 - this", 0]
        },
        "tentacle5": {
          "rotation": ["math.clamp((math.cos(query.anim_time * 162.0) * 32.0 - this), 0.0, 256.0)", "-90.0 - this", 0]
        },
        "tentacle6": {
          "rotation": ["math.clamp((math.cos(query.anim_time * 162.0) * 32.0 - this), 0.0, 256.0)", "-135.0 - this", 0]
        },
        "tentacle7": {
          "rotation": ["math.clamp((math.cos(query.anim_time * 162.0) * 32.0 - this), 0.0, 256.0)", "-180.0 - this", 0]
        },
        "tentacle8": {
          "rotation": ["math.clamp((math.cos(query.anim_time * 162.0) * 32.0 - this), 0.0, 256.0)", "-225.0 - this", 0]
        }
      }
    },
    "animation.morph.squid.look_at_target": {
      "loop": true,
      "bones": {
        "body": {
          "rotation": [ "query.is_in_water ? query.target_x_rotation + 90 : -90", "query.is_in_water ? query.target_y_rotation : query.target_y_rotation + 180", 0.0 ]
        }
      }
    }
  }
}