{
  "format_version": "1.10.0",
  "animation_controllers": {
    "controller.animation.enderman.ability.teleport": {
      "initial_state": "default",
      "states": {
        "default": {
          "transitions": [
            {
              "teleport": "query.is_sneaking && query.variant == 9"
            }
          ]
        },
        "teleport": {
          "animations": [
            "enderman.teleport"
          ],
          "transitions": [
            {
              "default": "!query.is_sneaking || !query.variant == 9"
            }
          ]
        }
      }
    }
  }
}