{
  "format_version": "1.16.100",
  "minecraft:item": {
    "description": {
      "identifier": "morph:baby_wild_axolotl_soul",
      "category": "commands"
    },
    "components": {
      "minecraft:icon": {
        "texture": "morph:soul_baby",
        "frame": 24
      },
      "tag:morph:soul": {
      },
      "minecraft:on_use": {
        "on_use": {
          "event": "morph",
          "target": "self"
        }
      }
    },
    "events": {
      "morph": {
        "run_command": {
          "command": [
            "clear @s morph:baby_wild_axolotl_soul -1 1",
            "event entity @s morph:post_morph_souls",
            "event entity @s morph:baby_wild_axolotl"
          ]
        }
      }
    }
  }
}