{
	"format_version": "1.12.0",
	"minecraft:geometry": [
		{
			"description": {
				"identifier": "geometry.snowgolem_pumpkin",
				"texture_width": 64,
				"texture_height": 32,
				"visible_bounds_width": 2,
				"visible_bounds_height": 3.5,
				"visible_bounds_offset": [0, 1.25, 0]
			},
			"bones": [
				{
					"name": "head",
					"pivot": [0, 20, 0]
				},
				{
					"name": "pumpkin",
					"parent": "head",
					"pivot": [0, 20, 0],
					"cubes": [
						{"origin": [-8, 17, -8], "size": [16, 16, 16], "inflate": -3, "uv": [0, 0]}
					]
				}
			]
		}
	]
}