{
  "format_version": "1.16.100",
  "minecraft:item": {
    "description": {
      "identifier": "morph:orange_sheep_soul",
      "category": "commands"
    },
    "components": {
      "minecraft:icon": {
        "texture": "morph:soul",
        "frame": 6
      },
      "tag:morph:soul": {
      },
      "minecraft:on_use": {
        "on_use": {
          "event": "morph",
          "target": "self"
        }
      }
    },
    "events": {
      "morph": {
        "run_command": {
          "command": [
            "clear @s morph:orange_sheep_soul -1 1",
            "event entity @s morph:post_morph_souls",
            "event entity @s morph:sheep_orange"
          ]
        }
      }
    }
  }
}