{
  "format_version": "1.8.0",
  "animations": {
    "animation.fox.ability.attack": {
      "loop": false,
      "animation_length": 2.0,
      "timeline": {
        "1.0": [
          "/effect @s jump_boost 1000 3 true",
          "/event entity @s morph:fox_attack"
        ]
      }
    },
    "animation.fox.ability.attack.stop": {
      "loop": false,
      "animation_length": 1.0,
      "timeline": {
        "0.5": [
          "/event entity @s morph:fox_attack_jump_stop"
        ]
      }
    }
  }
}