{
  "format_version": "1.8.0",
  "animations": {
    "animation.spider.ability.climb": {
      "loop": true,
      "animation_length": 0.1,
      "timeline": {
        "0.0": [
          "/execute @s ~ ~ ~ detect ~ ~ ~-0.71 air -1 tag @s add spider_air_north",
          "/execute @s ~ ~ ~ detect ~ ~ ~0.71 air -1 tag @s add spider_air_south",
          "/execute @s ~ ~ ~ detect ~-0.71 ~ ~ air -1 tag @s add spider_air_west",
          "/execute @s ~ ~ ~ detect ~0.71 ~ ~ air -1 tag @s add spider_air_east",
          "/execute @s[tag=!spider_air_north] ~ ~ ~ effect @s levitation 15 4 true",
          "/execute @s[tag=!spider_air_south] ~ ~ ~ effect @s levitation 15 4 true",
          "/execute @s[tag=!spider_air_west] ~ ~ ~ effect @s levitation 15 4 true",
          "/execute @s[tag=!spider_air_east] ~ ~ ~ effect @s levitation 15 4 true",
          "/execute @s[tag=spider_air_north] ~ ~ ~ execute @s[tag=spider_air_south] ~ ~ ~ execute @s[tag=spider_air_west] ~ ~ ~ execute @s[tag=spider_air_east] ~ ~ ~ event entity @s morph:spider_clear_levitation",
          "/tag @s remove spider_air_north",
          "/tag @s remove spider_air_south",
          "/tag @s remove spider_air_west",
          "/tag @s remove spider_air_east"
        ]
      }
    },
    "animation.spider.ability.climb.stop": {
      "loop": true,
      "animation_length": 0.1,
      "timeline": {
        "0.0": [
          "/event entity @s morph:spider_clear_levitation"
        ]
      }
    }
  }
}