{
   "format_version" : "1.14.0",
   "sound_definitions" : {
      "mob.spider.web" : {
         "__use_legacy_max_distance" : "true",
         "category" : "neutral",
         "sounds" : [
            "sounds/mob/spider/web1",
            "sounds/mob/spider/web2"
         ]
      },
      "mob.spider.spit" : {
         "__use_legacy_max_distance" : "true",
         "category" : "neutral",
         "sounds" : [
            "sounds/mob/spider/spit1",
            "sounds/mob/spider/spit2"
         ]
      },
      "entity.skeleton.converted_to_wither" : {
         "__use_legacy_max_distance" : "true",
         "category" : "hostile",
         "sounds" : [
            "sounds/mob/wither_skeleton/convert1",
            "sounds/mob/wither_skeleton/convert2",
            "sounds/mob/wither_skeleton/convert3",
            "sounds/mob/wither_skeleton/convert4"
         ]
      }
   }
}
