{
  "format_version": "1.10.0",
  "minecraft:client_entity": {
    "description": {
      "identifier": "minecraft:player",
      "materials": {
        "default": "entity_alphatest",
        "zombie": "zombie",
        "cow": "cow",
        "skeleton": "skeleton",
        "chicken": "chicken",
        "chicken_legs": "chicken_legs",
        "creeper": "creeper",
        "creeper_charged": "charged_creeper",
        "sheep": "sheep",
        "spider": "spider",
        "spider_invisible": "spider_invisible",
        "pig": "pig",
        "enderman": "enderman",
        "enderman_invisible": "enderman_invisible",
        "bat": "bat",
        "zombie_piglin": "zombie",
        "fox": "fox",
        "drowned": "drowned",
        "villager": "villager_v2",
        "villager_masked": "villager_v2_masked",
        "wither_skeleton": "skeleton",
        "snow_golem": "snow_golem",
        "snow_golem_head": "snow_golem_pumpkin",
        "blaze_body": "blaze_body",
        "blaze_head": "blaze_head",
        "cat": "cat",
        "husk": "husk",
        "wolf": "wolf",
        "piglin": "piglin",
        "salmon": "salmon",
        "iron_golem": "iron_golem",
        "axolotl": "axolotl",
        "axolotl_limbs": "axolotl_limbs",
        "stray": "stray",
        "stray_overlay": "stray_clothes",
        "ocelot": "ocelot",
        "vindicator": "vindicator",
        "cod": "cod",
        "hoglin": "hoglin",
        "squid": "squid",
        "piglin_brute": "piglin_brute",
        "llama": "entity_alphatest",
        "cape": "entity_alphatest",
        "animated": "player_animated"
      },
      "textures": {
        "default": "textures/entity/steve",
        "zombie": "textures/entity/zombie/zombie",
        "cow": "textures/entity/cow/cow",
        "skeleton": "textures/entity/skeleton/skeleton",
        "chicken": "textures/entity/chicken",
        "creeper": "textures/entity/creeper/creeper",
        "creeper_charged": "textures/entity/creeper/creeper_armor",
        "sheep": "textures/entity/sheep/sheep",
        "spider": "textures/entity/spider/spider",
        "pig": "textures/entity/pig/pig",
        "pig_saddled": "textures/entity/pig/pig_saddle",
        "enderman": "textures/entity/enderman/enderman",
        "bat": "textures/entity/bat",
        "zombie_piglin": "textures/entity/piglin/zombie_piglin",
        "fox_red": "textures/entity/fox/fox",
        "fox_arctic": "textures/entity/fox/arctic_fox",
        "drowned": "textures/entity/zombie/drowned",
        "villager": "textures/entity/villager2/villager",
        "villager_desert": "textures/entity/villager2/biomes/biome_desert",
        "villager_jungle": "textures/entity/villager2/biomes/biome_jungle",
        "villager_plains": "textures/entity/villager2/biomes/biome_plains",
        "villager_savanna": "textures/entity/villager2/biomes/biome_savanna",
        "villager_snow": "textures/entity/villager2/biomes/biome_snow",
        "villager_swamp": "textures/entity/villager2/biomes/biome_swamp",
        "villager_taiga": "textures/entity/villager2/biomes/biome_taiga",
        "wither_skeleton": "textures/entity/skeleton/wither_skeleton",
        "snow_golem": "textures/entity/snow_golem",
        "snow_golem_head": "textures/entity/snow_golem_pumpkin",
        "blaze": "textures/entity/blaze",
        "cat_white": "textures/entity/cat/white",
        "cat_black": "textures/entity/cat/tuxedo",
        "cat_red": "textures/entity/cat/redtabby",
        "cat_siamese": "textures/entity/cat/siamesecat",
        "cat_british": "textures/entity/cat/britishshorthair",
        "cat_calico": "textures/entity/cat/calico",
        "cat_persian": "textures/entity/cat/persian",
        "cat_ragdoll": "textures/entity/cat/ragdoll",
        "cat_tabby": "textures/entity/cat/tabby",
        "cat_jellie": "textures/entity/cat/jellie", 
        "cat_all_black": "textures/entity/cat/allblackcat",
        "cat_white_tame": "textures/entity/cat/white_tame",
        "cat_black_tame": "textures/entity/cat/tuxedo_tame",
        "cat_red_tame": "textures/entity/cat/redtabby_tame",
        "cat_siamese_tame": "textures/entity/cat/siamesecat_tame",
        "cat_british_tame": "textures/entity/cat/britishshorthair_tame",
        "cat_calico_tame": "textures/entity/cat/calico_tame",
        "cat_persian_tame": "textures/entity/cat/persian_tame",
        "cat_ragdoll_tame": "textures/entity/cat/ragdoll_tame",
        "cat_tabby_tame": "textures/entity/cat/tabby_tame",
        "cat_all_black_tame": "textures/entity/cat/allblackcat_tame",
        "cat_jellie_tame":  "textures/entity/cat/jellie_tame",
        "husk": "textures/entity/zombie/husk",
        "wolf": "textures/entity/wolf/wolf",
        "wolf_angry": "textures/entity/wolf/wolf_angry",
        "wolf_tame": "textures/entity/wolf/wolf_tame",
        "piglin": "textures/entity/piglin/piglin",
        "salmon": "textures/entity/fish/salmon",
        "iron_golem": "textures/entity/iron_golem",
        "axolotl_blue": "textures/entity/axolotl/axolotl_blue",
        "axolotl_cyan": "textures/entity/axolotl/axolotl_cyan",
        "axolotl_gold": "textures/entity/axolotl/axolotl_gold",
        "axolotl_lucy": "textures/entity/axolotl/axolotl_lucy",
        "axolotl_wild": "textures/entity/axolotl/axolotl_wild",
        "stray": "textures/entity/skeleton/stray",
        "stray_overlay": "textures/entity/skeleton/stray_overlay",
        "ocelot": "textures/entity/cat/ocelot",
        "vindicator": "textures/entity/vindicator",
        "cod": "textures/entity/fish/cod",
        "hoglin": "textures/entity/hoglin/hoglin",
        "squid": "textures/entity/squid",
        "piglin_brute": "textures/entity/piglin/piglin_brute",
        "llama_creamy": "textures/entity/llama/llama_creamy",
        "llama_white": "textures/entity/llama/llama_white",
        "llama_brown": "textures/entity/llama/llama_brown",
        "llama_gray": "textures/entity/llama/llama_gray",
        "cape": "textures/entity/cape_invisible"
      },
      "geometry": {
        "default": "geometry.humanoid.custom",
        "zombie": "geometry.zombie.v1.8",
        "cow": "geometry.cow.v1.8",
        "skeleton": "geometry.skeleton.v1.8",
        "chicken": "geometry.chicken.v1.12",
        "creeper": "geometry.creeper.v1.8",
        "creeper_charged": "geometry.creeper.charged.v1.8",
        "sheep": "geometry.sheep.v1.8",
        "sheep_sheared": "geometry.sheep.sheared.v1.8",
        "spider": "geometry.spider.v1.8",
        "pig": "geometry.pig.v1.8",
        "enderman": "geometry.enderman.v1.8",
        "bat": "geometry.bat",
        "zombie_piglin": "geometry.piglin",
        "fox": "geometry.fox",
        "drowned": "geometry.zombie.drowned.v1.16",
        "villager": "geometry.villager_v2",
        "wither_skeleton": "geometry.skeleton.wither.v1.8",
        "snow_golem": "geometry.snowgolem.v1.8",
        "snow_golem_head": "geometry.snowgolem_pumpkin",
        "blaze": "geometry.blaze",
        "cat": "geometry.cat",
        "husk": "geometry.zombie.husk.v1.8",
        "wolf": "geometry.wolf",
        "piglin": "geometry.piglin",
        "salmon": "geometry.salmon",
        "iron_golem": "geometry.irongolem",
        "axolotl": "geometry.axolotl",
        "stray": "geometry.skeleton.stray.v1.8",
        "stray_overlay": "geometry.stray.armor.v1.8",
        "ocelot": "geometry.ocelot.v1.8",
        "vindicator": "geometry.vindicator.v1.8",
        "cod": "geometry.cod",
        "hoglin": "geometry.hoglin",
        "squid": "geometry.squid",
        "piglin_brute": "geometry.piglin",
        "llama": "geometry.llama.v1.8",
        "cape": "geometry.cape"
      },
      "scripts": {
        "scale": "query.variant == 0 || query.variant == 14 || query.variant == 27 ? 0.9375 : (query.variant == 10 ? 0.35 : 1)",
        "initialize": [
          "variable.is_holding_right = 0.0;",
          "variable.is_blinking = 0.0;",
          "variable.last_blink_time = 0.0;",
          "variable.hand_bob = 0.0;",

          "variable.raise_arms = 0.0;"
        ],
        "pre_animation": [
          "variable.helmet_layer_visible = 1.0;",
          "variable.leg_layer_visible = 1.0;",
          "variable.boot_layer_visible = 1.0;",
          "variable.chest_layer_visible = 1.0;",
          "variable.attack_body_rot_y = Math.sin(360*Math.sqrt(variable.attack_time)) * 5.0;",
          "variable.tcos0 = (math.cos(query.modified_distance_moved * 38.17) * query.modified_move_speed / variable.gliding_speed_value) * 57.3;",
          "variable.first_person_rotation_factor = math.sin((1 - variable.attack_time) * 180.0);",
          "variable.hand_bob = query.life_time < 0.01 ? 0.0 : variable.hand_bob + ((query.is_on_ground && query.is_alive ? math.clamp(math.sqrt(math.pow(query.position_delta(0), 2.0) + math.pow(query.position_delta(2), 2.0)), 0.0, 0.1) : 0.0) - variable.hand_bob) * 0.02;",

          "variable.map_angle = math.clamp(1 - variable.player_x_rotation / 45.1, 0.0, 1.0);",
          "variable.item_use_normalized = query.main_hand_item_use_duration / query.main_hand_item_max_duration;",

          "variable.wing_flap = ((math.sin(query.wing_flap_position * 57.3) + 1) * query.wing_flap_speed);",

          "variable.wobble = Math.sin(query.swell_amount * 5730) * query.swell_amount * 0.01 + 1.0;",
          "variable.swelling_scale1 = (Math.pow(Math.clamp(1.0, 0.0, 1.0), 4.0) * 0.4 + 1.0) * variable.wobble;",
          "variable.swelling_scale2 = (Math.pow(Math.clamp(1.0, 0.0, 1.0), 4.0) * 0.1 + 1.0) / variable.wobble;",
          "variable.leg_rot = Math.cos(query.modified_distance_moved * 38.17326) * 80.22 * query.modified_move_speed;",
          "variable.flash = Math.mod(Math.Round(query.swell_amount * 10.0), 2.0);",

          "variable.enderman.tcos0 = (Math.cos(query.modified_distance_moved * 38.17) * query.modified_move_speed / variable.gliding_speed_value) * 28.65;",

          "variable.num_professions = 15;",
          "variable.num_tiers = 3;",
          "variable.profession_index = (query.variant < variable.num_professions ? query.variant : 0);",
          "variable.level_index = query.trade_tier;",

          "variable.body_shake_angle = 0.05 * query.frame_alpha + query.shake_angle;",
          "variable.body_roll_progress = Math.clamp((variable.body_shake_angle - 0.16) / 1.8, 0, 1);",
          "variable.body_rot_z = Math.sin(variable.body_roll_progress * 180) * Math.sin(variable.body_roll_progress * 1980) * 27;",
          "variable.upper_body_roll_progress = Math.clamp((variable.body_shake_angle - 0.08) / 1.8, 0, 1);",
          "variable.upper_body_rot_z = (Math.sin(variable.upper_body_roll_progress * 180) * Math.sin(variable.upper_body_roll_progress * 1980) * 27) - variable.body_rot_z;",
          "variable.tail_roll_progress = Math.clamp((variable.body_shake_angle - 0.2) / 1.8, 0, 1);",
          "variable.tail_rot_z = (Math.sin(variable.tail_roll_progress * 180) * Math.sin(variable.tail_roll_progress * 1980) * 27) - variable.body_rot_z;",
          "variable.head_roll_progress = Math.clamp(variable.body_shake_angle / 1.8, 0, 1);",
          "variable.head_rot_z = (Math.sin(variable.head_roll_progress * 180) * Math.sin(variable.head_roll_progress * 1980) * 27) - variable.body_rot_z;",

          "variable.attack = Math.sin((1.0 - (1.0 - variable.attack_time) * (1.0 - variable.attack_time)) * 180.0) * 57.3;",
          "variable.attack2 = Math.sin(variable.attack_time * 180.0) * 57.3;",
          "variable.z_bob = Math.cos(query.life_time * 103.13244) * 2.865 + 2.865;",
          "variable.x_bob = Math.sin(query.life_time * 76.776372) * 2.865;",

          "variable.ZRot = !query.is_in_water ? Math.cos((query.time_stamp + query.frame_alpha) * 14.32) * 90 : 0.0;",
          "variable.AnimationAmountBlend = Math.lerp(variable.AnimationAmountPrev, variable.AnimationAmount, query.frame_alpha);",

          "variable.iron_golem.tcos0 = Math.clamp(((Math.cos(query.modified_distance_moved * 13.5) * Math.min(query.modified_move_speed, 0.6) / variable.gliding_speed_value) * 25.0), -12.5, 12.5);",

          "variable.moving = query.ground_speed > 0 || query.vertical_speed > 0;",
          "variable.pitch = query.body_x_rotation;",

          "variable.tcos_right_side = (Math.cos(query.modified_distance_moved * 38.17) * query.modified_move_speed / variable.gliding_speed_value) * 57.3;",
          "variable.tcos_left_side = -variable.tcos_right_side;",
          "variable.attack_head_rot =  Math.sin(variable.attack_time * 180.0) * -37.3;"
        ],
        "animate": [
          { "root": "query.variant == 0" },

          { "first_person_swap_item": "variable.is_first_person && query.variant != 0 && query.variant != 1 && query.variant != 11 && query.variant != 13 && query.variant != 19 && query.variant != 2 && query.variant != 5 && query.variant != 6 && query.variant != 7 && query.variant != 8 && query.variant != 12 && query.variant != 20" },
          { "first_person_attack_controller" : "variable.attack_time > 0.0f && query.get_equipped_item_name != 'map' && variable.is_first_person && query.variant != 0 && query.variant != 1 && query.variant != 11 && query.variant != 13 && query.variant != 19 && query.variant != 2 && query.variant != 5 && query.variant != 6 && query.variant != 7 && query.variant != 8 && query.variant != 12 && query.variant != 20" },
          { "first_person_base_pose": "variable.is_first_person && query.variant != 0 && query.variant != 1 && query.variant != 11 && query.variant != 13 && query.variant != 19 && query.variant != 2 && query.variant != 5 && query.variant != 6 && query.variant != 7 && query.variant != 8 && query.variant != 12 && query.variant != 20" },
          { "first_person_empty_hand" : "query.get_equipped_item_name(0, 1) != 'map' && variable.is_first_person && query.variant != 0 && query.variant != 1 && query.variant != 11 && query.variant != 13 && query.variant != 19 && query.variant != 2 && query.variant != 5 && query.variant != 6 && query.variant != 7 && query.variant != 8 && query.variant != 12 && query.variant != 20" },
          { "first_person_walk" : "variable.bob_animation && variable.is_first_person && query.variant != 0 && query.variant != 1 && query.variant != 11 && query.variant != 13 && query.variant != 19 && query.variant != 2 && query.variant != 5 && query.variant != 6 && query.variant != 7 && query.variant != 8 && query.variant != 12 && query.variant != 20" },
          { "first_person_map_controller" : "(query.get_equipped_item_name(0, 1) == 'map' && query.get_equipped_item_name('off_hand') == 'map') && variable.is_first_person && query.variant != 0 && query.variant != 1 && query.variant != 11 && query.variant != 13 && query.variant != 19 && query.variant != 2 && query.variant != 5 && query.variant != 6 && query.variant != 7 && query.variant != 8 && query.variant != 12 && query.variant != 20" },
          { "first_person_crossbow_equipped": "query.get_equipped_item_name == 'crossbow' && (variable.item_use_normalized > 0 && variable.item_use_normalized < 1.0) && variable.is_first_person && query.variant != 0 && query.variant != 1 && query.variant != 11 && query.variant != 13 && query.variant != 19 && query.variant != 2 && query.variant != 5 && query.variant != 6 && query.variant != 7 && query.variant != 8 && query.variant != 12 && query.variant != 20" },
          { "first_person_crossbow_hold": "query.get_equipped_item_name == 'crossbow' && query.item_is_charged && variable.is_first_person && query.variant != 0 && query.variant != 1 && query.variant != 11 && query.variant != 13 && query.variant != 19 && query.variant != 2 && query.variant != 5 && query.variant != 6 && query.variant != 7 && query.variant != 8 && query.variant != 12 && query.variant != 20" },
          { "first_person_breathing_bob": "variable.attack_time <= 0.0 && variable.is_first_person && query.variant != 0 && query.variant != 1 && query.variant != 11 && query.variant != 13 && query.variant != 19 && query.variant != 2 && query.variant != 5 && query.variant != 6 && query.variant != 7 && query.variant != 8 && query.variant != 12 && query.variant != 20" },

          { "zombie_first_person_swap_item": "variable.is_first_person && query.variant == 1 || query.variant == 11 || query.variant == 13 || query.variant == 19" },
          { "zombie_first_person_attack_controller" : "variable.attack_time > 0.0f && query.get_equipped_item_name != 'map' && variable.is_first_person && query.variant == 1 || query.variant == 11 || query.variant == 13 || query.variant == 19" },
          { "zombie_first_person_base_pose": "variable.is_first_person && query.variant == 1 || query.variant == 11 || query.variant == 13 || query.variant == 19" },
          { "zombie_first_person_empty_hand" : "query.get_equipped_item_name(0, 1) != 'map' && variable.is_first_person && query.variant == 1 || query.variant == 11 || query.variant == 13 || query.variant == 19" },
          { "zombie_first_person_walk" : "variable.bob_animation && variable.is_first_person && query.variant == 1 || query.variant == 11 || query.variant == 13 || query.variant == 19" },
          { "zombie_first_person_map_controller" : "(query.get_equipped_item_name(0, 1) == 'map' || query.get_equipped_item_name('off_hand') == 'map') && variable.is_first_person && query.variant == 1 || query.variant == 11 || query.variant == 13 || query.variant == 19" },
          { "zombie_first_person_crossbow_equipped": "query.get_equipped_item_name == 'crossbow' && (variable.item_use_normalized > 0 && variable.item_use_normalized < 1.0) && variable.is_first_person && query.variant == 1 || query.variant == 11 || query.variant == 13 || query.variant == 19" },
          { "zombie_first_person_crossbow_hold": "query.get_equipped_item_name == 'crossbow' && query.item_is_charged && variable.is_first_person && query.variant == 1 || query.variant == 11 || query.variant == 13 || query.variant == 19" },
          { "zombie_first_person_breathing_bob": "variable.attack_time <= 0.0 && variable.is_first_person && query.variant == 1 || query.variant == 11 || query.variant == 13 || query.variant == 19" },

          { "legged_first_person_swap_item": "variable.is_first_person && query.variant == 2 || query.variant == 5 || query.variant == 6 || query.variant == 7 || query.variant == 8 || query.variant == 12 || query.variant == 20" },
          { "legged_first_person_attack_controller" : "variable.attack_time > 0.0f && query.get_equipped_item_name != 'map' && variable.is_first_person && query.variant == 2 || query.variant == 5 || query.variant == 6 || query.variant == 7 || query.variant == 8 || query.variant == 12 || query.variant == 20" },
          { "legged_first_person_base_pose": "variable.is_first_person && query.variant == 2 || query.variant == 5 || query.variant == 6 || query.variant == 7 || query.variant == 8 || query.variant == 12 || query.variant == 20" },
          { "legged_first_person_empty_hand" : "query.get_equipped_item_name(0, 1) != 'map' && variable.is_first_person && query.variant == 2 || query.variant == 5 || query.variant == 6 || query.variant == 7 || query.variant == 8 || query.variant == 12 || query.variant == 20" },
          { "legged_first_person_walk" : "variable.bob_animation && variable.is_first_person && query.variant == 2 || query.variant == 5 || query.variant == 6 || query.variant == 7 || query.variant == 8 || query.variant == 12 || query.variant == 20" },
          { "legged_first_person_map_controller" : "(query.get_equipped_item_name(0, 1) == 'map' || query.get_equipped_item_name('off_hand') == 'map') && variable.is_first_person && query.variant == 2 || query.variant == 5 || query.variant == 6 || query.variant == 7 || query.variant == 8 || query.variant == 12 || query.variant == 20" },
          { "legged_first_person_crossbow_equipped": "query.get_equipped_item_name == 'crossbow' && (variable.item_use_normalized > 0 && variable.item_use_normalized < 1.0) && variable.is_first_person && query.variant == 2 || query.variant == 5 || query.variant == 6 || query.variant == 7 || query.variant == 8 || query.variant == 12 || query.variant == 20" },
          { "legged_first_person_crossbow_hold": "query.get_equipped_item_name == 'crossbow' && query.item_is_charged && variable.is_first_person && query.variant == 2 || query.variant == 5 || query.variant == 6 || query.variant == 7 || query.variant == 8 || query.variant == 12 || query.variant == 20" },
          { "legged_first_person_breathing_bob": "variable.attack_time <= 0.0 && variable.is_first_person && query.variant == 2 || query.variant == 5 || query.variant == 6 || query.variant == 7 || query.variant == 8 || query.variant == 12 || query.variant == 20" },

          { "common_look_at_target_default": "(!query.is_gliding && !query.is_sleeping && !variable.is_first_person && query.variant == 2 || query.variant == 4 || query.variant == 6 || query.variant == 8 || query.variant == 12 || query.variant == 16 || query.variant == 18 || query.variant == 20 || query.variant == 24 || query.variant == 26 || query.variant == 32) || (!query.is_gliding && !query.is_swimming && !query.is_sleeping && !variable.is_first_person && query.variant == 5 || query.variant == 14 || query.variant == 17 || query.variant == 23)" },
          { "common_look_at_target_gliding": "query.is_gliding && !query.is_sleeping && !variable.is_first_person && query.variant == 2 || query.variant == 4 || query.variant == 5 || query.variant == 6 || query.variant == 8 || query.variant == 12 || query.variant == 14 || query.variant == 16 || query.variant == 17 || query.variant == 18 || query.variant == 20 || query.variant == 23 || query.variant == 24 || query.variant == 26 || query.variant == 32" },
          { "common_look_at_target_swimming": "query.is_swimming && !query.is_sleeping && !variable.is_first_person && query.variant == 5 || query.variant == 14 || query.variant == 17 || query.variant == 23" },

          { "morph_items": "!variable.is_first_person && query.variant != 0" },
          { "morph_sleeping": "query.is_sleeping && !variable.is_first_person && query.variant == 1 || query.variant == 3 || query.variant == 5 || query.variant == 9 || query.variant == 11 || query.variant == 13 || query.variant == 15 || query.variant == 16 || query.variant == 19 || query.variant == 21 || query.variant == 23 || query.variant == 25 || query.variant == 27 || query.variant == 31" },
          { "morph_swimming": "variable.swim_amount > 0.0 && !variable.is_first_person && query.variant == 5 || query.variant == 14 || query.variant == 16 || query.variant == 17 || query.variant == 21 || query.variant == 23 || query.variant == 27 || query.variant == 31" },
          { "morph_sneaking": "query.is_sneaking && !variable.is_first_person && query.variant == 2 || query.variant == 4 || query.variant == 7 || query.variant == 8 || query.variant == 10 || query.variant == 14 || query.variant == 16 || query.variant == 23 || query.variant == 24 || query.variant == 27 || query.variant == 29 || query.variant == 32" },

          { "humanoid_big_head": "query.is_baby && !variable.is_first_person && query.variant == 1 || query.variant == 11 || query.variant == 13 || query.variant == 19 || query.variant == 21 || query.variant == 31" },
          { "humanoid_base_pose": "!variable.is_first_person && query.variant == 11" },
          { "humanoid_look_at_target_default": "!query.is_gliding && !query.is_swimming && !variable.is_first_person && query.variant == 1 || query.variant == 3 || query.variant == 9 || query.variant == 11 || query.variant == 13 || query.variant == 15 || query.variant == 19 || query.variant == 21 || query.variant == 25 || query.variant == 27 || query.variant == 31" },
          { "humanoid_look_at_target_gliding": "query.is_gliding && !variable.is_first_person && query.variant == 1 || query.variant == 3 || query.variant == 9 || query.variant == 11 || query.variant == 13 || query.variant == 15 || query.variant == 19 || query.variant == 21 || query.variant == 25 || query.variant == 27 || query.variant == 31" },
          { "humanoid_look_at_target_swimming": "query.is_swimming && !variable.is_first_person && query.variant == 1 || query.variant == 3 || query.variant == 9 || query.variant == 11 || query.variant == 13 || query.variant == 15 || query.variant == 19 || query.variant == 21 || query.variant == 25 || query.variant == 27 || query.variant == 31" },
          { "humanoid_move": "!variable.is_first_person && query.variant == 1 || query.variant == 3 || query.variant == 11 || query.variant == 13 || query.variant == 15 || query.variant == 19 || query.variant == 25" },
          { "humanoid_riding.arms": "query.is_riding && !variable.is_first_person && query.variant == 1 || query.variant == 3 || query.variant == 11 || query.variant == 13 || query.variant == 15 || query.variant == 19 || query.variant == 21 || query.variant == 25 || query.variant == 27 || query.variant == 31" },
          { "humanoid_riding.legs": "query.is_riding && !variable.is_first_person && query.variant == 1 || query.variant == 3 || query.variant == 11 || query.variant == 13 || query.variant == 15 || query.variant == 19 || query.variant == 21 || query.variant == 25 || query.variant == 27 || query.variant == 31" },
          { "humanoid_holding": "!variable.is_first_person && query.variant == 1 || query.variant == 3 || query.variant == 11 || query.variant == 13 || query.variant == 15 || query.variant == 19 || query.variant == 25" },
          { "humanoid_brandish_spear": "variable.is_brandishing_spear && !variable.is_first_person && query.variant == 1 || query.variant == 3 || query.variant == 11 || query.variant == 13 || query.variant == 15 || query.variant == 19 || query.variant == 25" },
          { "humanoid_holding_spyglass": "variable.is_holding_spyglass && !variable.is_first_person && query.variant == 1 || query.variant == 3 || query.variant == 9 || query.variant == 11 || query.variant == 13 || query.variant == 15 || query.variant == 19 || query.variant == 21 || query.variant == 25 || query.variant == 31" },
          { "humanoid_charging": "query.is_charging && !variable.is_first_person && query.variant == 1 || query.variant == 3 || query.variant == 11 || query.variant == 13 || query.variant == 15 || query.variant == 19 || query.variant == 25" },
          { "humanoid_attack.rotations": "variable.attack_time >= 0.0 && !variable.is_first_person && query.variant == 1 || query.variant == 3 || query.variant == 9 || query.variant == 11 || query.variant == 15 || query.variant == 19 || query.variant == 25" },
          { "humanoid_sneaking": "query.is_sneaking && !variable.is_first_person && query.variant == 1 || query.variant == 3 || query.variant == 11 || query.variant == 13 || query.variant == 15 || query.variant == 19 || query.variant == 21 || query.variant == 25 || query.variant == 31" },
          { "humanoid_bob": "!variable.is_first_person && query.variant == 1 || query.variant == 3 || query.variant == 9 || query.variant == 11 || query.variant == 13 || query.variant == 15 || query.variant == 19 || query.variant == 21 || query.variant == 25 || query.variant == 31" },
          { "humanoid_damage_nearby_mobs": "variable.damage_nearby_mobs && !variable.is_first_person && query.variant == 1 || query.variant == 3 || query.variant == 11 || query.variant == 13 || query.variant == 15 || query.variant == 19 || query.variant == 25" },
          { "humanoid_bow_and_arrow": "(variable.item_use_normalized > 0 && variable.item_use_normalized < 1.0) && query.get_equipped_item_name == 'bow' && !variable.is_first_person && query.variant == 1 || query.variant == 3 || query.variant == 11 || query.variant == 15 || query.variant == 19 || query.variant == 25" },
          { "humanoid_use_item_progress": "( variable.use_item_interval_progress > 0.0 ) || ( variable.use_item_startup_progress > 0.0 ) && !variable.is_first_person && query.variant == 1 || query.variant == 3 || query.variant == 11 || query.variant == 13 || query.variant == 15 || query.variant == 19 || query.variant == 25" },
          { "humanoid_celebrating": "query.is_celebrating && query.variant == 27" },

          { "quadruped_walk": "!variable.is_first_person && query.variant == 2 || query.variant == 6 || query.variant == 8 || query.variant == 12 || query.variant == 32" },
          { "quadruped_sleeping": "query.is_sleeping && !variable.is_first_person && query.variant == 2 || query.variant == 6 || query.variant == 8 || query.variant == 12 || query.variant == 32" },

          { "zombie_attack_bare_hand": "variable.is_holding_left != 1.0 && !variable.is_first_person && query.variant == 1 || query.variant == 11 || query.variant == 13 || query.variant == 19" },
          { "zombie_swimming": "variable.swim_amount > 0.0 && !variable.is_first_person && query.variant == 1 || query.variant == 3 || query.variant == 11 || query.variant == 13 || query.variant == 15 || query.variant == 19 || query.variant == 25" },

          { "cow_setup": "!variable.is_first_person && query.variant == 2" },
          { "cow_baby_transform": "query.is_baby && !variable.is_first_person && query.variant == 2" },

          { "chicken_general": "!variable.is_first_person && query.variant == 4" },
          { "chicken_move": "!variable.is_first_person && query.variant == 4" },
          { "chicken_baby_transform": "query.is_baby && !variable.is_first_person && query.variant == 4" },
          { "chicken_wing_flap": "!query.is_on_ground && !variable.is_first_person && query.variant == 4" },

          { "controller_creeper_swelling": "!variable.is_first_person && query.variant == 5" },
          { "creeper_legs": "!variable.is_first_person && query.variant == 5" },

          { "sheep_setup": "!variable.is_first_person && query.variant == 6" },
          { "sheep_grazing": "query.is_powered && !variable.is_first_person && query.variant == 6" },
          { "sheep_move": "!variable.is_first_person && query.variant == 6" },
          { "sheep_baby_transform": "query.is_baby && !variable.is_first_person && query.variant == 6" },

          { "spider_default_leg_pose": "!variable.is_first_person && query.variant == 7" },
          { "spider_walk": "query.modified_distance_moved && !variable.is_first_person && query.variant == 7" },
          { "spider_look_at_target": "!variable.is_first_person && query.variant == 7" },

          { "pig_setup": "!variable.is_first_person && query.variant == 8" },
          { "pig_baby_transform": "query.is_baby && !variable.is_first_person && query.variant == 8" },

          { "enderman_move": "!variable.is_first_person && query.variant == 9" },
          { "enderman_base_pose": "!variable.is_first_person && query.variant == 9" },
          { "enderman_arms_legs": "!variable.is_first_person && query.variant == 9" },
          { "enderman_carrying": "query.is_carrying_block && !variable.is_first_person && query.variant == 9" },
          { "enderman_scary_face": "query.is_angry && !variable.is_first_person && query.variant == 9" },

          { "bat_resting": "!query.is_on_ground && query.is_resting && !variable.is_first_person && query.variant == 10" },
          { "bat_resting_upside_down": "query.is_on_ground && !query.is_resting && !variable.is_first_person && query.variant == 10" },
          { "bat_flying": "!query.is_on_ground && !query.is_resting && !variable.is_first_person && query.variant == 10" },

          { "fox_setup": "!variable.is_first_person && query.variant == 12" },
          { "fox_baby_transform": "query.is_baby && !variable.is_first_person && query.variant == 12" },
          { "fox_crouch": "query.is_sneaking && !variable.is_first_person && query.variant == 12" },
          { "fox_sleep": "query.is_sleeping && !variable.is_first_person && query.variant == 12" },
          { "fox_stuck" : "query.is_stunned && !variable.is_first_person && query.variant == 12" },
          { "fox_sit" : "query.is_sitting && !variable.is_first_person && query.variant == 12" },
          { "fox_pounce" : "query.is_powered && !variable.is_first_person && query.variant == 12" },

          { "drowned_attack_controller": "!variable.is_first_person && query.variant == 13" },

          { "villager_general": "!variable.is_first_person && query.variant == 14" },
          { "villager_move": "query.modified_move_speed && !variable.is_first_person && query.variant == 14" },
          { "villager_get_in_bed": "query.is_sleeping && !variable.is_first_person && query.variant == 14" },
          { "villager_raise_arms": "variable.raise_arms > 0.0 && !variable.is_first_person && query.variant == 14" },
          { "villager_baby_transform": "query.is_baby && !variable.is_first_person && query.variant == 14" },

          { "wither_skeleton_attack": "variable.has_target && !variable.is_first_person && query.variant == 15" },

          { "snow_golem_move": "query.modified_move_speed && !variable.is_first_person && query.variant == 16" },

          { "blaze_move": "!variable.is_first_person && query.variant == 17" },

          { "cat_move_controller": "!variable.is_first_person && query.variant == 18" },
          { "cat_baby_transform": "query.is_baby && !variable.is_first_person && query.variant == 18" },

          { "wolf_setup": "!variable.is_first_person && query.variant == 20" },
          { "wolf_baby_scaling": "query.is_baby && !variable.is_first_person && query.variant == 20" },
          { "wolf_head_rot_z": "query.is_interested || query.is_shaking_wetness && !variable.is_first_person && query.variant == 20" },
          { "wolf_tail_default": "!variable.is_first_person && query.variant == 20" },
          { "wolf_angry": "!variable.is_first_person && query.variant == 20" },
          { "wolf_sitting": "!query.is_moving && query.is_sneaking && !variable.is_first_person && query.variant == 20" },
          { "wolf_shaking": "query.is_shaking_wetness && !variable.is_first_person && query.variant == 20" },
          { "wolf_leg_default": "query.is_moving || !query.is_sneaking && !variable.is_first_person && query.variant == 20" },

          { "piglin_admire": "query.is_admiring && !variable.is_first_person && query.variant == 21" },
          { "piglin_celebrate_hunt": "query.is_celebrating && !variable.is_first_person && query.variant == 21" },
          { "piglin_celebrate_hunt_special": "query.is_celebrating_special && !variable.is_first_person && query.variant == 21" },
          { "piglin_move": "!variable.is_first_person && query.variant == 21 || query.variant == 31" },
          { "piglin_hand_attack": "!variable.is_first_person && query.variant == 21 || query.variant == 31" },
          { "piglin_crossbow_hold": "query.item_is_charged && query.get_equipped_item_name == 'crossbow' && !variable.is_first_person && query.variant == 21 || query.variant == 31" },
          { "piglin_crossbow_charge": "(variable.item_use_normalized > 0 && variable.item_use_normalized < 1.0) && query.get_equipped_item_name == 'crossbow' && !variable.is_first_person && query.variant == 21 || query.variant == 31" },

          { "salmon_flop": "!query.is_in_water && !variable.is_first_person && query.variant == 22" },
          { "salmon_swim": "query.is_in_water && !variable.is_first_person && query.variant == 22" },

          { "iron_golem_move" : "!variable.is_first_person && query.variant == 23" },
          { "iron_golem_walk" : "query.modified_move_speed && !variable.is_first_person && query.variant == 23" },
          { "iron_golem_attack" : "variable.attack_time > 0.0 && !variable.is_first_person && query.variant == 23" },

          { "axolotl_general": "!variable.is_first_person && query.variant == 24" },
          { "axolotl_move": "!variable.is_first_person && query.variant == 24" },

          { "ocelot_baby_transform": "query.is_baby && !variable.is_first_person && query.variant == 26" },
          { "ocelot_move_controller": "!variable.is_first_person && query.variant == 26" },

          { "vindicator_base": "!variable.is_first_person && query.variant == 27" },
          { "vindicator_walk": "!variable.is_first_person && query.variant == 27" },
          { "vindicator_attack": "!query.is_swimming && query.equipped_item_any_tag('slot.weapon.mainhand', 'minecraft:is_axe', 'minecraft:is_sword') && !variable.is_first_person && query.variant == 27" },

          { "cod_flop": "!query.is_in_water && !variable.is_first_person && query.variant == 28" },
          { "cod_swim": "query.is_in_water && !variable.is_first_person && query.variant == 28" },

          { "hoglin_baby_scaling": "query.is_baby && !variable.is_first_person && query.variant == 29" },
          { "hoglin_look_at_target": "!variable.is_first_person && query.variant == 29" },
          { "hoglin_walk": "!variable.is_first_person && query.variant == 29" },
          { "hoglin_attack": "variable.attack_time >= 0.0 && !variable.is_first_person && query.variant == 29" },

          { "squid_move": "!variable.is_first_person && query.variant == 30" },
          { "squid_look_at_target": "!variable.is_first_person && query.variant == 30" },

          { "llama_baby_transform": "query.is_baby && !variable.is_first_person && query.variant == 32" },
          { "llama_setup": "!variable.is_first_person && query.variant == 32" }
        ]
      },
      "animations": {
        "root": "controller.animation.player.root",
        "base_controller": "controller.animation.player.base",
        "hudplayer":  "controller.animation.player.hudplayer",
        "humanoid_base_pose": "animation.humanoid.base_pose",
        "look_at_target": "controller.animation.humanoid.look_at_target",
        "look_at_target_ui": "animation.player.look_at_target.ui",
        "look_at_target_default": "animation.humanoid.look_at_target.default",
        "look_at_target_gliding": "animation.humanoid.look_at_target.gliding",
        "look_at_target_swimming": "animation.humanoid.look_at_target.swimming",
        "look_at_target_inverted": "animation.player.look_at_target.inverted",
        "cape": "animation.player.cape",
        "move.arms": "animation.player.move.arms",
        "move.legs": "animation.player.move.legs",
        "swimming": "animation.player.swim",
        "swimming.legs": "animation.player.swim.legs",
        "riding.arms": "animation.player.riding.arms",
        "riding.legs": "animation.player.riding.legs",
        "holding": "animation.player.holding",
        "brandish_spear": "animation.humanoid.brandish_spear",
        "holding_spyglass": "animation.humanoid.holding_spyglass",
        "charging": "animation.humanoid.charging",
        "attack.positions": "animation.player.attack.positions",
        "attack.rotations": "animation.player.attack.rotations",
        "sneaking": "animation.player.sneaking",
        "bob": "animation.player.bob",
        "damage_nearby_mobs": "animation.humanoid.damage_nearby_mobs",
        "bow_and_arrow": "animation.humanoid.bow_and_arrow",
        "use_item_progress": "animation.humanoid.use_item_progress",
        "skeleton_attack": "animation.skeleton.attack",
        "sleeping": "animation.player.sleeping",
        "first_person_base_pose": "animation.player.first_person.base_pose",
        "first_person_empty_hand": "animation.player.first_person.empty_hand",
        "first_person_swap_item": "animation.player.first_person.swap_item",
        "first_person_attack_controller": "controller.animation.player.first_person_attack",
        "first_person_attack_rotation": "animation.player.first_person.attack_rotation",
        "first_person_vr_attack_rotation": "animation.player.first_person.vr_attack_rotation",
        "first_person_walk": "animation.player.first_person.walk",
        "first_person_map_controller": "controller.animation.player.first_person_map",
        "first_person_map_hold": "animation.player.first_person.map_hold",
        "first_person_map_hold_attack": "animation.player.first_person.map_hold_attack",
        "first_person_map_hold_off_hand": "animation.player.first_person.map_hold_off_hand",
        "first_person_map_hold_main_hand": "animation.player.first_person.map_hold_main_hand",
        "first_person_crossbow_equipped": "animation.player.first_person.crossbow_equipped",
        "third_person_crossbow_equipped": "animation.player.crossbow_equipped",
        "third_person_bow_equipped": "animation.player.bow_equipped",
        "crossbow_hold": "animation.player.crossbow_hold",
        "crossbow_controller": "controller.animation.player.crossbow",
        "shield_block_main_hand": "animation.player.shield_block_main_hand",
        "shield_block_off_hand": "animation.player.shield_block_off_hand",
        "blink": "controller.animation.persona.blink",

        "zombie_first_person_base_pose": "animation.morph.zombie.first_person.base_pose",
        "zombie_first_person_empty_hand": "animation.morph.zombie.first_person.empty_hand",
        "zombie_first_person_swap_item": "animation.morph.zombie.first_person.swap_item",
        "zombie_first_person_attack_controller": "controller.animation.morph.zombie.first_person_attack",
        "zombie_first_person_attack_rotation": "animation.morph.zombie.first_person.attack_rotation",
        "zombie_first_person_vr_attack_rotation": "animation.morph.zombie.first_person.vr_attack_rotation",
        "zombie_first_person_walk": "animation.morph.zombie.first_person.walk",
        "zombie_first_person_map_controller": "controller.animation.morph.zombie.first_person_map",
        "zombie_first_person_map_hold": "animation.morph.zombie.first_person.map_hold",
        "zombie_first_person_map_hold_attack": "animation.morph.zombie.first_person.map_hold_attack",
        "zombie_first_person_map_hold_off_hand": "animation.morph.zombie.first_person.map_hold_off_hand",
        "zombie_first_person_map_hold_main_hand": "animation.morph.zombie.first_person.map_hold_main_hand",
        "zombie_first_person_crossbow_equipped": "animation.morph.zombie.first_person.crossbow_equipped",

        "legged_first_person_base_pose": "animation.morph.legged.first_person.base_pose",
        "legged_first_person_empty_hand": "animation.morph.legged.first_person.empty_hand",
        "legged_first_person_swap_item": "animation.morph.legged.first_person.swap_item",
        "legged_first_person_attack_controller": "controller.animation.morph.legged.first_person_attack",
        "legged_first_person_attack_rotation": "animation.morph.legged.first_person.attack_rotation",
        "legged_first_person_vr_attack_rotation": "animation.morph.legged.first_person.vr_attack_rotation",
        "legged_first_person_walk": "animation.morph.legged.first_person.walk",
        "legged_first_person_map_controller": "controller.animation.morph.legged.first_person_map",
        "legged_first_person_map_hold": "animation.morph.legged.first_person.map_hold",
        "legged_first_person_map_hold_attack": "animation.morph.legged.first_person.map_hold_attack",
        "legged_first_person_map_hold_off_hand": "animation.morph.legged.first_person.map_hold_off_hand",
        "legged_first_person_map_hold_main_hand": "animation.morph.legged.first_person.map_hold_main_hand",
        "legged_first_person_crossbow_equipped": "animation.morph.legged.first_person.crossbow_equipped",

        "common_look_at_target_default": "animation.common.look_at_target",
        "common_look_at_target_gliding": "animation.common.look_at_target.gliding",
        "common_look_at_target_swimming": "animation.common.look_at_target.swimming",

        "morph_items": "animation.morph.items",
        "morph_sleeping": "animation.morph.sleeping",
        "morph_swimming": "animation.morph.swimming",
        "morph_sneaking": "animation.morph.sneaking",

        "humanoid_big_head": "animation.humanoid.big_head",
        "humanoid_look_at_target_default": "animation.humanoid.look_at_target.default",
        "humanoid_look_at_target_gliding": "animation.humanoid.look_at_target.gliding",
        "humanoid_look_at_target_swimming": "animation.humanoid.look_at_target.swimming",
        "humanoid_move": "animation.humanoid.move",
        "humanoid_riding.arms": "animation.humanoid.riding.arms",
        "humanoid_riding.legs": "animation.humanoid.riding.legs",
        "humanoid_holding": "animation.humanoid.holding",
        "humanoid_brandish_spear": "animation.humanoid.brandish_spear",
        "humanoid_holding_spyglass": "animation.humanoid.holding_spyglass",
        "humanoid_charging": "animation.humanoid.charging",
        "humanoid_attack.rotations": "animation.humanoid.attack.rotations",
        "humanoid_sneaking": "animation.humanoid.sneaking",
        "humanoid_bob": "animation.humanoid.bob",
        "humanoid_damage_nearby_mobs": "animation.humanoid.damage_nearby_mobs",
        "humanoid_bow_and_arrow": "animation.humanoid.bow_and_arrow",
        "humanoid_swimming": "animation.humanoid.swimming",
        "humanoid_use_item_progress": "animation.humanoid.use_item_progress",
        "humanoid_celebrating": "animation.humanoid.celebrating",

        "quadruped_walk": "animation.morph.quadruped.walk",
        "quadruped_sleeping": "animation.morph.quadruped.sleeping",

        "zombie_attack_bare_hand": "animation.zombie.attack_bare_hand",
        "zombie_swimming": "animation.zombie.swimming",

        "cow_setup": "animation.cow.setup",
        "cow_baby_transform": "animation.cow.baby_transform",

        "chicken_move": "animation.morph.chicken.move",
        "chicken_general": "animation.chicken.general",
        "chicken_baby_transform": "animation.chicken.baby_transform",
        "chicken_wing_flap": "animation.morph.chicken.wing_flap",

        "controller_creeper_swelling": "controller.animation.morph.creeper.swelling",
        "creeper_legs": "animation.creeper.legs",
        "creeper_swelling": "animation.creeper.swelling",

        "sheep_setup": "animation.sheep.setup",
        "sheep_grazing": "animation.morph.sheep.grazing",
        "sheep_baby_transform": "animation.sheep.baby_transform",
        "sheep_move": "controller.animation.sheep.move",

        "spider_default_leg_pose": "animation.spider.default_leg_pose",
        "spider_look_at_target": "animation.spider.look_at_target",
        "spider_walk": "animation.morph.spider.walk",

        "pig_setup": "animation.pig.setup",
        "pig_baby_transform": "animation.pig.baby_transform",

        "enderman_move": "animation.morph.enderman.move",
        "enderman_base_pose": "animation.enderman.base_pose",
        "enderman_arms_legs": "animation.enderman.arms_legs",
        "enderman_carrying": "animation.enderman.carrying",
        "enderman_scary_face": "animation.enderman.scary_face",

        "bat_resting": "animation.bat.resting",
        "bat_resting_upside_down": "animation.bat.resting.upside_down",
        "bat_flying": "animation.bat.flying",

        "fox_baby_transform": "animation.fox.baby_transform",
        "fox_crouch": "animation.fox.crouch",
        "fox_sleep": "animation.morph.fox.sleep",
        "fox_setup": "animation.fox.setup",
        "fox_sit": "animation.fox.sit",
        "fox_wiggle": "animation.fox.wiggle",
        "fox_stuck": "animation.fox.stuck",
        "fox_pounce": "animation.fox.pounce",
        "fox_move": "controller.animation.fox.move",

        "drowned_attack_controller": "controller.animation.drowned.attack.rotations",
        "drowned_attack_rotations": "animation.drowned.attack.rotations",

        "villager_general": "animation.villager.general",
        "villager_move": "animation.morph.villager.move",
        "villager_raise_arms": "animation.villager.raise_arms",
        "villager_baby_transform": "animation.villager.baby_transform",
        "villager_get_in_bed": "animation.villager.get_in_bed",

        "wither_skeleton_attack": "animation.wither_skeleton.attack",

        "snow_golem_move": "animation.snowgolem.move.v1.8",

        "blaze_move": "animation.blaze.move",

        "cat_move_controller": "controller.animation.morph.cat.move",
        "cat_sneak": "animation.cat.sneak",
        "cat_walk": "animation.cat.walk",
        "cat_sprint": "animation.morph.cat.sprint",
        "cat_sit": "animation.cat.sit",
        "cat_baby_transform": "animation.cat.baby_transform",
        "cat_lie_down": "animation.morph.cat.lie_down",

        "wolf_setup": "animation.wolf.setup",
        "wolf_baby_scaling": "animation.wolf.baby_scaling",
        "wolf_head_rot_z": "animation.wolf.head_rot_z",
        "wolf_tail_default": "animation.morph.wolf.tail_default",
        "wolf_angry": "animation.wolf.angry",
        "wolf_sitting": "animation.wolf.sitting",
        "wolf_shaking": "animation.wolf.shaking",
        "wolf_leg_default": "animation.wolf.leg_default",

        "piglin_move": "animation.morph.piglin.move",
        "piglin_admire": "animation.piglin.admire",
        "piglin_celebrate_hunt": "animation.piglin.celebrate_hunt",
        "piglin_celebrate_hunt_special": "animation.piglin.celebrate_hunt_special",
        "piglin_crossbow_hold": "animation.piglin.crossbow.hold",
        "piglin_crossbow_charge": "animation.morph.piglin.crossbow.charge",
        "piglin_hand_attack": "animation.piglin.hand.attack",

        "salmon_flop": "animation.morph.salmon.flop",
        "salmon_swim": "animation.morph.salmon.swim",

        "iron_golem_walk": "animation.morph.iron_golem.walk",
        "iron_golem_move": "animation.morph.iron_golem.move",
        "iron_golem_attack": "animation.morph.iron_golem.attack",

        "axolotl_general": "controller.animation.morph.axolotl.general",
        "axolotl_move": "controller.animation.morph.axolotl.move",
        "axolotl_idle_float": "animation.axolotl.idle_underwater",
        "axolotl_idle_floor": "animation.axolotl.idle_floor",
        "axolotl_idle_floor_water": "animation.axolotl.idle_floor_underwater",
        "axolotl_swim": "animation.axolotl.swim",
        "axolotl_walk_floor": "animation.axolotl.walk_floor",
        "axolotl_walk_floor_water": "animation.axolotl.walk_floor_underwater",
        "axolotl_play_dead": "animation.axolotl.play_dead",
        "axolotl_swim_angle": "animation.axolotl.swim_angle",

        "ocelot_move_controller": "controller.animation.morph.ocelot.move",
        "ocelot_sneak": "animation.ocelot.sneak",
        "ocelot_walk": "animation.ocelot.walk",
        "ocelot_sprint": "animation.morph.ocelot.sprint",
        "ocelot_sit": "animation.ocelot.sit",
        "ocelot_baby_transform": "animation.ocelot.baby_transform",

        "vindicator_base": "animation.vindicator.base",
        "vindicator_attack": "animation.vindicator.attack",
        "vindicator_hand_attack": "animation.vindicator.hand_attack",
        "vindicator_walk": "animation.vindicator.walk",

        "cod_flop": "animation.morph.cod.flop",
        "cod_swim": "animation.morph.cod.swim",

        "hoglin_walk": "animation.morph.hoglin.walk",
        "hoglin_look_at_target": "animation.hoglin.look_at_target",
        "hoglin_attack": "animation.morph.hoglin.attack",
        "hoglin_baby_scaling": "animation.hoglin.baby_scaling",

        "squid_move": "animation.morph.squid.move",
        "squid_look_at_target": "animation.morph.squid.look_at_target",

        "llama_setup": "animation.llama.setup",
        "llama_baby_transform": "animation.llama.baby_transform"
      },
      "render_controllers": [
        { "controller.render.player.first_person": "variable.is_first_person" },
        { "controller.render.player.third_person": "!variable.is_first_person && !variable.map_face_icon" },
        { "controller.render.player.map": "variable.map_face_icon" },
        { "controller.render.morph.default": "!variable.is_first_person && !variable.map_face_icon" },
        { "controller.render.morph.creeper_armor": "!variable.is_first_person && !variable.map_face_icon && query.variant == 5" },
        { "controller.render.morph.villager_v2_masked": "!variable.is_first_person && !variable.map_face_icon && query.variant == 14" },
        { "controller.render.morph.snow_golem_pumpkin": "!variable.is_first_person && !variable.map_face_icon && query.variant == 16" },
        { "controller.render.morph.stray_clothes": "!variable.is_first_person && !variable.map_face_icon && query.variant == 25" }
      ],
      "enable_attachables": true
    }
  }
}
