{
   "resource_pack_name" : "Morph Addon",
   "texture_data" : {
      "morph:soul_catcher" : {
         "textures" : "textures/items/soul_catcher"
      },
      "morph:soul" : {
         "textures" : [
            "textures/items/player_soul",
            "textures/items/zombie_soul",
            "textures/items/cow_soul",
            "textures/items/skeleton_soul",
            "textures/items/chicken_soul",
            "textures/items/creeper_soul",
            "textures/items/sheep_soul",
            "textures/items/spider_soul",
            "textures/items/pig_soul",
            "textures/items/enderman_soul",
            "textures/items/bat_soul",
            "textures/items/zombie_piglin_soul",
            "textures/items/fox_soul",
            "textures/items/drowned_soul",
            "textures/items/villager_soul",
            "textures/items/wither_skeleton_soul",
            "textures/items/snow_golem_soul",
            "textures/items/blaze_soul",
            "textures/items/cat_soul",
            "textures/items/husk_soul",
            "textures/items/wolf_soul",
            "textures/items/piglin_soul",
            "textures/items/salmon_soul",
            "textures/items/iron_golem_soul",
            "textures/items/axolotl_soul",
            "textures/items/stray_soul",
            "textures/items/ocelot_soul",
            "textures/items/vindicator_soul",
            "textures/items/cod_soul",
            "textures/items/hoglin_soul",
            "textures/items/squid_soul",
            "textures/items/piglin_brute_soul",
            "textures/items/llama_soul"
         ]
      },
      "morph:soul_baby" : {
         "textures" : [
            "textures/items/blank_soul_baby",
            "textures/items/zombie_soul_baby",
            "textures/items/cow_soul_baby",
            "textures/items/blank_soul_baby",
            "textures/items/chicken_soul_baby",
            "textures/items/blank_soul_baby",
            "textures/items/sheep_soul_baby",
            "textures/items/blank_soul_baby",
            "textures/items/pig_soul_baby",
            "textures/items/blank_soul_baby",
            "textures/items/blank_soul_baby",
            "textures/items/zombie_piglin_soul_baby",
            "textures/items/fox_soul_baby",
            "textures/items/drowned_soul_baby",
            "textures/items/villager_soul_baby",
            "textures/items/blank_soul_baby",
            "textures/items/blank_soul_baby",
            "textures/items/blank_soul_baby",
            "textures/items/cat_soul_baby",
            "textures/items/husk_soul_baby",
            "textures/items/wolf_soul_baby",
            "textures/items/piglin_soul_baby",
            "textures/items/small_salmon_soul",
            "textures/items/blank_soul_baby",
            "textures/items/baby_axolotl_soul",
            "textures/items/blank_soul_baby",
            "textures/items/baby_ocelot_soul",
            "textures/items/blank_soul_baby",
            "textures/items/baby_cod_soul",
            "textures/items/baby_hoglin_soul",
            "textures/items/baby_squid_soul",
            "textures/items/blank_soul_baby",
            "textures/items/baby_llama_soul"
         ]
      },
      "morph:soul_salmon" : {
         "textures" : [
            "textures/items/small_salmon_soul",
            "textures/items/salmon_soul",
            "textures/items/large_salmon_soul"
         ]
      },
      "web" : {
         "textures" : "textures/blocks/web"
      },
      "morph:llama_spit" : {
         "textures" : "textures/items/llama_spit"
      }
   },
   "texture_name" : "atlas.items"
}
